StartByte,MessageID,MessageLength(lsb),MessageLength(msb),Time0,Time1,Time2,Time3,Time,axDataLsb,axDataMsb,ayDataLsb,ayDataMsb,azDataLsb,azDataMsb,axDataLsb,axDataMsb,ayDataLsb,ayDataMsb,azDataLsb,azDataMsb,axDataLsb,axDataMsb,ayDataLsb,ayDataMsb,azDataLsb,azDataMsb,axDataLsb,axDataMsb,ayDataLsb,ayDataMsb,azDataLsb,azDataMsb,axDataLsb,axDataMsb,ayDataLsb,ayDataMsb,azDataLsb,azDataMsb,axDataLsb,axDataMsb,ayDataLsb,ayDataMsb,azDataLsb,azDataMsb,axDataLsb,axDataMsb,ayDataLsb,ayDataMsb,azDataLsb,azDataMsb,axDataLsb,axDataMsb,ayDataLsb,ayDataMsb,azDataLsb,azDataMsb,axDataLsb,axDataMsb,ayDataLsb,ayDataMsb,azDataLsb,azDataMsb,axDataLsb,axDataMsb,ayDataLsb,ayDataMsb,azDataLsb,azDataMsb,axDataLsb,axDataMsb,ayDataLsb,ayDataMsb,azDataLsb,azDataMsb,axDataLsb,axDataMsb,ayDataLsb,ayDataMsb,azDataLsb,azDataMsb,axDataLsb,axDataMsb,ayDataLsb,ayDataMsb,azDataLsb,azDataMsb,axDataLsb,axDataMsb,ayDataLsb,ayDataMsb,azDataLsb,azDataMsb,axDataLsb,axDataMsb,ayDataLsb,ayDataMsb,azDataLsb,azDataMsb,axDataLsb,axDataMsb,ayDataLsb,ayDataMsb,azDataLsb,azDataMsb,
170,65,104,0,159,42,3,0,207519,144,0,208,255,240,0,144,0,240,255,224,0,128,0,208,255,0,1,112,0,208,255,240,0,112,0,224,255,192,0,128,0,208,255,0,1,128,0,224,255,224,0,144,0,192,255,224,0,112,0,224,255,224,0,128,0,208,255,16,1,176,0,224,255,240,0,128,0,192,255,240,0,128,0,208,255,0,1,144,0,208,255,0,1,112,0,224,255,0,1,144,0,192,255,224,0,
170,65,104,0,142,67,3,0,213902,144,0,208,255,240,0,128,0,224,255,0,1,80,0,208,255,224,0,144,0,224,255,240,0,128,0,224,255,240,0,160,0,192,255,240,0,144,0,192,255,0,1,112,0,208,255,240,0,128,0,208,255,224,0,112,0,224,255,208,0,160,0,240,255,240,0,144,0,224,255,240,0,96,0,208,255,224,0,160,0,208,255,240,0,144,0,240,255,0,1,128,0,192,255,32,1,
170,65,104,0,157,67,3,0,213917,128,0,224,255,224,0,128,0,208,255,240,0,144,0,224,255,224,0,128,0,240,255,0,1,128,0,208,255,0,1,128,0,224,255,0,1,176,0,208,255,0,1,144,0,192,255,16,1,128,0,176,255,224,0,128,0,208,255,0,1,144,0,0,0,208,0,128,0,208,255,240,0,160,0,192,255,240,0,160,0,160,255,224,0,128,0,224,255,224,0,128,0,208,255,224,0,
170,65,104,0,173,67,3,0,213933,112,0,208,255,224,0,144,0,208,255,16,1,144,0,240,255,208,0,176,0,208,255,240,0,128,0,208,255,240,0,112,0,192,255,240,0,160,0,192,255,224,0,128,0,240,255,224,0,144,0,192,255,240,0,112,0,208,255,224,0,128,0,208,255,224,0,144,0,224,255,224,0,128,0,240,255,0,1,128,0,192,255,192,0,144,0,208,255,0,1,144,0,192,255,0,1,
170,65,104,0,188,67,3,0,213948,160,0,208,255,240,0,128,0,240,255,240,0,128,0,192,255,0,1,112,0,224,255,208,0,144,0,192,255,240,0,160,0,208,255,0,1,144,0,224,255,240,0,128,0,224,255,240,0,128,0,224,255,0,1,128,0,208,255,208,0,144,0,176,255,208,0,128,0,240,255,224,0,144,0,224,255,240,0,128,0,224,255,224,0,128,0,240,255,0,1,144,0,192,255,0,1,
170,65,104,0,204,67,3,0,213964,128,0,240,255,224,0,160,0,192,255,208,0,112,0,208,255,208,0,128,0,224,255,224,0,160,0,208,255,48,1,144,0,208,255,208,0,176,0,208,255,224,0,112,0,192,255,192,0,144,0,192,255,224,0,160,0,208,255,240,0,112,0,240,255,224,0,160,0,208,255,192,0,128,0,192,255,0,1,128,0,192,255,240,0,160,0,192,255,240,0,160,0,224,255,0,1,
170,65,104,0,219,67,3,0,213979,128,0,208,255,224,0,144,0,208,255,0,1,112,0,208,255,224,0,160,0,208,255,240,0,128,0,224,255,224,0,144,0,224,255,208,0,128,0,224,255,0,1,128,0,208,255,208,0,160,0,224,255,0,1,128,0,224,255,240,0,128,0,208,255,208,0,112,0,224,255,16,1,144,0,208,255,240,0,144,0,224,255,224,0,112,0,240,255,240,0,128,0,208,255,0,1,
170,65,104,0,234,67,3,0,213994,144,0,208,255,0,1,128,0,208,255,224,0,176,0,208,255,240,0,144,0,176,255,0,1,128,0,208,255,192,0,160,0,240,255,0,1,112,0,208,255,224,0,144,0,192,255,0,1,144,0,240,255,208,0,96,0,208,255,240,0,128,0,176,255,16,1,128,0,240,255,224,0,176,0,192,255,240,0,160,0,224,255,224,0,112,0,224,255,240,0,112,0,208,255,0,1,
170,65,104,0,250,67,3,0,214010,128,0,192,255,224,0,160,0,224,255,224,0,144,0,208,255,224,0,128,0,224,255,240,0,144,0,208,255,16,1,128,0,192,255,240,0,176,0,208,255,0,1,144,0,224,255,224,0,144,0,208,255,192,0,128,0,208,255,0,1,128,0,208,255,240,0,144,0,192,255,240,0,112,0,208,255,224,0,144,0,224,255,224,0,128,0,208,255,16,1,144,0,208,255,224,0,
170,65,104,0,9,68,3,0,214025,144,0,208,255,240,0,128,0,224,255,0,1,160,0,192,255,208,0,128,0,192,255,0,1,128,0,224,255,240,0,144,0,208,255,224,0,128,0,224,255,240,0,144,0,208,255,224,0,128,0,192,255,240,0,128,0,240,255,16,1,112,0,208,255,240,0,128,0,224,255,16,1,128,0,240,255,224,0,128,0,224,255,0,1,128,0,240,255,16,1,176,0,208,255,240,0,
170,65,104,0,25,68,3,0,214041,112,0,224,255,240,0,176,0,224,255,224,0,144,0,224,255,0,1,112,0,0,0,208,0,144,0,208,255,16,1,144,0,224,255,0,1,128,0,224,255,16,1,176,0,208,255,16,1,128,0,192,255,240,0,144,0,208,255,208,0,128,0,208,255,16,1,128,0,240,255,224,0,144,0,208,255,0,1,112,0,224,255,240,0,144,0,208,255,240,0,144,0,192,255,224,0,
170,65,104,0,40,68,3,0,214056,144,0,240,255,192,0,144,0,224,255,240,0,128,0,224,255,240,0,144,0,224,255,224,0,144,0,192,255,208,0,144,0,240,255,224,0,144,0,192,255,0,1,112,0,224,255,208,0,144,0,224,255,224,0,144,0,224,255,240,0,128,0,224,255,240,0,112,0,224,255,224,0,128,0,224,255,240,0,128,0,208,255,16,1,128,0,208,255,240,0,144,0,224,255,224,0,
170,65,104,0,56,68,3,0,214072,144,0,208,255,240,0,128,0,208,255,240,0,144,0,208,255,16,1,144,0,208,255,224,0,128,0,240,255,240,0,176,0,208,255,176,0,112,0,224,255,240,0,160,0,224,255,192,0,128,0,208,255,240,0,144,0,240,255,208,0,176,0,208,255,240,0,112,0,0,0,192,0,160,0,224,255,16,1,128,0,208,255,240,0,144,0,224,255,192,0,128,0,224,255,240,0,
170,65,104,0,71,68,3,0,214087,128,0,208,255,208,0,160,0,192,255,0,1,128,0,208,255,16,1,144,0,224,255,208,0,144,0,224,255,240,0,144,0,192,255,224,0,160,0,192,255,224,0,144,0,192,255,240,0,144,0,240,255,240,0,144,0,192,255,224,0,128,0,192,255,0,1,128,0,208,255,240,0,128,0,208,255,208,0,160,0,240,255,208,0,128,0,224,255,32,1,128,0,192,255,240,0,
170,65,104,0,87,68,3,0,214103,96,0,208,255,0,1,144,0,224,255,240,0,112,0,224,255,0,1,128,0,192,255,0,1,144,0,208,255,224,0,128,0,208,255,0,1,128,0,208,255,0,1,176,0,160,255,240,0,144,0,192,255,0,1,128,0,0,0,240,0,112,0,208,255,224,0,144,0,192,255,0,1,144,0,208,255,0,1,128,0,208,255,240,0,144,0,224,255,0,1,144,0,224,255,192,0,
170,65,104,0,102,68,3,0,214118,128,0,192,255,240,0,128,0,240,255,224,0,144,0,208,255,240,0,128,0,208,255,0,1,112,0,208,255,240,0,160,0,208,255,240,0,144,0,240,255,240,0,144,0,224,255,0,1,112,0,224,255,240,0,112,0,208,255,208,0,160,0,208,255,16,1,128,0,224,255,224,0,128,0,192,255,0,1,144,0,208,255,240,0,144,0,208,255,240,0,144,0,192,255,208,0,
170,65,104,0,117,68,3,0,214133,128,0,240,255,240,0,144,0,208,255,48,1,144,0,192,255,240,0,128,0,208,255,208,0,144,0,224,255,240,0,144,0,208,255,208,0,128,0,192,255,0,1,128,0,208,255,224,0,112,0,208,255,240,0,144,0,192,255,0,1,144,0,224,255,240,0,176,0,240,255,192,0,128,0,224,255,0,1,112,0,208,255,32,1,144,0,176,255,224,0,160,0,0,0,0,1,
170,65,104,0,133,68,3,0,214149,176,0,240,255,224,0,128,0,192,255,16,1,128,0,208,255,224,0,160,0,192,255,0,1,128,0,240,255,224,0,160,0,176,255,0,1,128,0,192,255,240,0,128,0,208,255,240,0,160,0,192,255,0,1,144,0,240,255,240,0,112,0,224,255,224,0,128,0,208,255,224,0,128,0,192,255,240,0,160,0,224,255,0,1,144,0,240,255,224,0,144,0,192,255,240,0,
170,65,104,0,148,68,3,0,214164,144,0,192,255,16,1,128,0,208,255,240,0,160,0,208,255,0,1,144,0,240,255,224,0,128,0,224,255,224,0,144,0,208,255,0,1,144,0,224,255,240,0,160,0,208,255,208,0,144,0,208,255,224,0,144,0,208,255,224,0,144,0,208,255,192,0,128,0,208,255,224,0,160,0,208,255,240,0,128,0,224,255,224,0,144,0,208,255,224,0,144,0,208,255,0,1,
170,65,104,0,164,68,3,0,214180,128,0,224,255,224,0,144,0,192,255,0,1,144,0,192,255,224,0,128,0,208,255,240,0,160,0,208,255,0,1,128,0,192,255,240,0,160,0,208,255,0,1,128,0,208,255,208,0,176,0,192,255,240,0,128,0,192,255,224,0,128,0,208,255,240,0,160,0,208,255,208,0,128,0,224,255,0,1,128,0,208,255,240,0,128,0,208,255,240,0,144,0,224,255,224,0,
170,65,104,0,179,68,3,0,214195,160,0,192,255,208,0,160,0,208,255,240,0,144,0,224,255,16,1,128,0,192,255,0,1,112,0,192,255,224,0,176,0,208,255,224,0,128,0,224,255,0,1,144,0,208,255,224,0,128,0,208,255,16,1,128,0,208,255,240,0,160,0,208,255,0,1,144,0,224,255,224,0,128,0,208,255,192,0,144,0,208,255,16,1,144,0,208,255,224,0,144,0,192,255,240,0,
170,65,104,0,195,68,3,0,214211,128,0,208,255,0,1,144,0,192,255,192,0,128,0,224,255,16,1,160,0,208,255,240,0,144,0,208,255,224,0,128,0,240,255,240,0,144,0,224,255,240,0,128,0,224,255,240,0,112,0,0,0,224,0,96,0,176,255,240,0,128,0,224,255,208,0,96,0,192,255,0,1,128,0,208,255,240,0,128,0,0,0,208,0,160,0,192,255,0,1,112,0,240,255,224,0,
170,65,104,0,210,68,3,0,214226,160,0,224,255,240,0,144,0,192,255,0,1,144,0,240,255,192,0,160,0,224,255,16,1,112,0,224,255,208,0,96,0,208,255,208,0,128,0,224,255,208,0,128,0,208,255,240,0,144,0,208,255,208,0,144,0,208,255,208,0,112,0,208,255,208,0,144,0,208,255,0,1,144,0,192,255,240,0,160,0,208,255,224,0,112,0,176,255,240,0,144,0,208,255,224,0,
170,65,104,0,225,68,3,0,214241,128,0,208,255,0,1,112,0,192,255,16,1,144,0,192,255,224,0,144,0,208,255,208,0,112,0,208,255,208,0,144,0,208,255,0,1,144,0,224,255,240,0,144,0,208,255,0,1,144,0,208,255,0,1,128,0,240,255,224,0,144,0,192,255,208,0,160,0,192,255,240,0,160,0,224,255,240,0,144,0,176,255,224,0,144,0,224,255,0,1,144,0,208,255,16,1,
170,65,104,0,241,68,3,0,214257,144,0,224,255,224,0,144,0,208,255,224,0,128,0,224,255,240,0,128,0,224,255,224,0,144,0,208,255,240,0,144,0,192,255,240,0,144,0,224,255,240,0,144,0,240,255,224,0,128,0,224,255,224,0,128,0,208,255,32,1,128,0,224,255,224,0,128,0,224,255,0,1,144,0,208,255,224,0,160,0,208,255,208,0,128,0,224,255,224,0,144,0,224,255,240,0,
170,65,104,0,0,69,3,0,214272,144,0,208,255,240,0,144,0,208,255,16,1,144,0,208,255,0,1,96,0,208,255,16,1,128,0,208,255,0,1,128,0,208,255,0,1,160,0,192,255,208,0,160,0,208,255,224,0,144,0,208,255,0,1,112,0,240,255,240,0,112,0,192,255,192,0,144,0,208,255,224,0,160,0,192,255,16,1,112,0,240,255,240,0,128,0,240,255,0,1,128,0,192,255,240,0,
170,65,104,0,16,69,3,0,214288,128,0,208,255,224,0,112,0,224,255,240,0,160,0,224,255,176,0,144,0,224,255,224,0,176,0,192,255,240,0,128,0,192,255,224,0,96,0,240,255,224,0,176,0,192,255,0,1,128,0,224,255,240,0,128,0,224,255,224,0,144,0,192,255,224,0,144,0,224,255,240,0,112,0,224,255,0,1,128,0,208,255,224,0,128,0,208,255,0,1,144,0,208,255,224,0,
170,65,104,0,31,69,3,0,214303,128,0,240,255,224,0,128,0,208,255,240,0,128,0,208,255,224,0,112,0,208,255,224,0,160,0,192,255,240,0,144,0,224,255,0,1,128,0,192,255,0,1,128,0,192,255,240,0,112,0,208,255,240,0,144,0,176,255,224,0,128,0,224,255,240,0,144,0,208,255,240,0,112,0,224,255,208,0,112,0,208,255,224,0,160,0,192,255,208,0,144,0,240,255,224,0,
170,65,104,0,47,69,3,0,214319,128,0,208,255,0,1,128,0,224,255,224,0,112,0,208,255,240,0,160,0,224,255,240,0,144,0,128,255,192,0,128,0,208,255,0,1,144,0,240,255,240,0,128,0,192,255,224,0,144,0,208,255,240,0,96,0,240,255,240,0,176,0,192,255,240,0,112,0,240,255,208,0,144,0,208,255,208,0,160,0,192,255,224,0,112,0,240,255,224,0,144,0,224,255,16,1,
170,65,104,0,62,69,3,0,214334,128,0,208,255,208,0,112,0,208,255,240,0,160,0,176,255,240,0,144,0,224,255,224,0,128,0,208,255,224,0,128,0,208,255,224,0,128,0,208,255,240,0,144,0,192,255,224,0,128,0,240,255,224,0,128,0,224,255,16,1,128,0,208,255,240,0,128,0,224,255,240,0,144,0,208,255,224,0,112,0,240,255,192,0,112,0,208,255,224,0,128,0,224,255,240,0,
170,65,104,0,78,69,3,0,214350,112,0,224,255,16,1,160,0,208,255,192,0,144,0,240,255,0,1,128,0,192,255,0,1,128,0,192,255,0,1,128,0,192,255,224,0,160,0,208,255,240,0,144,0,224,255,0,1,176,0,208,255,240,0,128,0,192,255,208,0,128,0,224,255,224,0,160,0,192,255,16,1,144,0,224,255,224,0,144,0,224,255,0,1,144,0,224,255,224,0,128,0,192,255,224,0,
170,65,104,0,93,69,3,0,214365,144,0,208,255,32,1,144,0,192,255,224,0,160,0,208,255,0,1,128,0,192,255,16,1,144,0,192,255,240,0,144,0,208,255,16,1,112,0,224,255,208,0,176,0,208,255,0,1,144,0,192,255,224,0,128,0,192,255,224,0,160,0,192,255,240,0,128,0,240,255,224,0,128,0,192,255,208,0,128,0,208,255,240,0,128,0,224,255,0,1,144,0,192,255,208,0,
170,65,104,0,108,69,3,0,214380,128,0,240,255,208,0,128,0,208,255,224,0,128,0,208,255,0,1,112,0,224,255,224,0,160,0,208,255,208,0,144,0,224,255,208,0,128,0,208,255,224,0,128,0,208,255,240,0,144,0,192,255,0,1,160,0,224,255,240,0,112,0,240,255,240,0,144,0,224,255,240,0,128,0,208,255,16,1,128,0,224,255,240,0,160,0,208,255,208,0,144,0,240,255,240,0,
170,65,104,0,124,69,3,0,214396,128,0,192,255,0,1,112,0,224,255,240,0,144,0,208,255,240,0,160,0,208,255,32,1,144,0,176,255,0,1,144,0,192,255,0,1,128,0,208,255,240,0,112,0,208,255,0,1,176,0,208,255,48,1,96,0,224,255,224,0,112,0,192,255,176,0,144,0,208,255,240,0,112,0,224,255,0,1,160,0,208,255,0,1,128,0,208,255,192,0,128,0,208,255,224,0,
170,65,104,0,139,69,3,0,214411,160,0,208,255,16,1,112,0,208,255,208,0,144,0,192,255,192,0,112,0,224,255,240,0,144,0,224,255,224,0,144,0,208,255,0,1,128,0,208,255,224,0,160,0,224,255,224,0,128,0,224,255,240,0,128,0,192,255,208,0,128,0,192,255,16,1,112,0,208,255,224,0,144,0,224,255,224,0,144,0,224,255,240,0,144,0,192,255,240,0,160,0,208,255,224,0,
170,65,104,0,155,69,3,0,214427,160,0,224,255,208,0,160,0,224,255,240,0,128,0,224,255,0,1,160,0,208,255,224,0,128,0,192,255,240,0,112,0,208,255,240,0,144,0,192,255,240,0,144,0,224,255,224,0,144,0,224,255,224,0,144,0,208,255,240,0,128,0,0,0,224,0,112,0,208,255,208,0,128,0,224,255,208,0,112,0,192,255,224,0,144,0,176,255,0,1,128,0,240,255,192,0,
170,65,104,0,170,69,3,0,214442,160,0,176,255,16,1,144,0,208,255,224,0,128,0,208,255,224,0,176,0,192,255,16,1,112,0,0,0,208,0,176,0,208,255,0,1,128,0,224,255,16,1,112,0,208,255,224,0,128,0,224,255,224,0,112,0,208,255,0,1,128,0,208,255,0,1,144,0,192,255,224,0,144,0,224,255,240,0,144,0,208,255,0,1,128,0,208,255,16,1,144,0,192,255,240,0,
170,65,104,0,186,69,3,0,214458,144,0,208,255,240,0,112,0,240,255,224,0,96,0,208,255,16,1,128,0,192,255,0,1,160,0,176,255,240,0,144,0,208,255,0,1,128,0,240,255,240,0,144,0,208,255,32,1,128,0,224,255,240,0,144,0,192,255,240,0,144,0,208,255,224,0,144,0,224,255,240,0,112,0,192,255,240,0,160,0,208,255,224,0,160,0,208,255,208,0,144,0,192,255,192,0,
170,65,104,0,201,69,3,0,214473,144,0,240,255,240,0,128,0,208,255,240,0,128,0,0,0,224,0,96,0,208,255,32,1,128,0,192,255,224,0,144,0,208,255,192,0,128,0,224,255,240,0,144,0,224,255,240,0,144,0,208,255,240,0,144,0,192,255,240,0,128,0,208,255,192,0,224,0,192,255,0,1,112,0,224,255,240,0,144,0,208,255,224,0,128,0,192,255,240,0,144,0,240,255,224,0,
170,65,104,0,216,69,3,0,214488,128,0,208,255,0,1,128,0,224,255,240,0,176,0,208,255,0,1,144,0,208,255,240,0,112,0,224,255,224,0,128,0,192,255,16,1,128,0,208,255,0,1,144,0,208,255,32,1,144,0,176,255,16,1,128,0,224,255,224,0,112,0,224,255,240,0,128,0,208,255,240,0,160,0,176,255,16,1,144,0,192,255,240,0,112,0,240,255,224,0,144,0,224,255,240,0,
170,65,104,0,232,69,3,0,214504,112,0,224,255,240,0,128,0,192,255,240,0,144,0,208,255,240,0,128,0,224,255,240,0,128,0,208,255,16,1,128,0,208,255,224,0,160,0,192,255,240,0,128,0,208,255,240,0,112,0,240,255,240,0,160,0,240,255,208,0,112,0,192,255,240,0,176,0,208,255,224,0,144,0,192,255,224,0,96,0,240,255,0,1,160,0,192,255,16,1,128,0,224,255,208,0,
170,65,104,0,247,69,3,0,214519,128,0,208,255,240,0,128,0,208,255,224,0,128,0,224,255,224,0,144,0,192,255,16,1,112,0,208,255,240,0,112,0,192,255,224,0,144,0,192,255,208,0,144,0,208,255,224,0,128,0,224,255,0,1,144,0,224,255,16,1,128,0,208,255,0,1,144,0,208,255,0,1,160,0,224,255,0,1,160,0,208,255,16,1,128,0,224,255,16,1,112,0,192,255,0,1,
170,65,104,0,7,70,3,0,214535,144,0,192,255,16,1,160,0,192,255,16,1,128,0,208,255,16,1,128,0,208,255,208,0,128,0,208,255,16,1,128,0,224,255,240,0,96,0,224,255,240,0,160,0,192,255,240,0,128,0,192,255,224,0,112,0,192,255,240,0,176,0,208,255,224,0,144,0,224,255,208,0,128,0,192,255,16,1,128,0,208,255,0,1,144,0,224,255,224,0,144,0,192,255,240,0,
170,65,104,0,22,70,3,0,214550,144,0,224,255,224,0,144,0,224,255,240,0,128,0,224,255,240,0,128,0,208,255,224,0,160,0,208,255,224,0,160,0,224,255,0,1,128,0,208,255,240,0,144,0,208,255,224,0,144,0,224,255,224,0,176,0,224,255,240,0,144,0,240,255,240,0,128,0,240,255,16,1,128,0,224,255,224,0,112,0,224,255,240,0,160,0,224,255,0,1,144,0,208,255,16,1,
170,65,104,0,38,70,3,0,214566,128,0,192,255,0,1,144,0,208,255,0,1,112,0,208,255,224,0,160,0,224,255,0,1,144,0,160,255,240,0,144,0,192,255,240,0,128,0,224,255,240,0,96,0,208,255,0,1,176,0,208,255,32,1,128,0,224,255,192,0,160,0,224,255,240,0,128,0,208,255,0,1,112,0,208,255,16,1,128,0,208,255,32,1,160,0,176,255,208,0,144,0,208,255,224,0,
170,65,104,0,53,70,3,0,214581,144,0,176,255,16,1,128,0,240,255,208,0,160,0,192,255,0,1,128,0,224,255,208,0,160,0,176,255,240,0,128,0,208,255,240,0,112,0,192,255,192,0,160,0,192,255,224,0,128,0,208,255,224,0,128,0,224,255,224,0,128,0,224,255,208,0,112,0,208,255,224,0,160,0,192,255,208,0,128,0,224,255,240,0,144,0,224,255,240,0,144,0,208,255,32,1,
170,65,104,0,69,70,3,0,214597,128,0,192,255,16,1,176,0,208,255,224,0,128,0,208,255,192,0,128,0,208,255,224,0,128,0,192,255,240,0,112,0,208,255,208,0,176,0,192,255,208,0,128,0,224,255,208,0,144,0,192,255,0,1,96,0,208,255,0,1,128,0,192,255,0,1,160,0,192,255,240,0,128,0,224,255,240,0,128,0,224,255,224,0,144,0,208,255,0,1,144,0,240,255,224,0,
170,65,104,0,84,70,3,0,214612,96,0,208,255,224,0,112,0,208,255,0,1,160,0,208,255,208,0,128,0,224,255,16,1,128,0,240,255,224,0,144,0,208,255,16,1,112,0,208,255,224,0,80,0,208,255,192,0,112,0,192,255,0,1,144,0,192,255,240,0,144,0,208,255,0,1,144,0,224,255,224,0,128,0,224,255,224,0,144,0,208,255,240,0,128,0,208,255,0,1,160,0,208,255,240,0,
170,65,104,0,99,70,3,0,214627,144,0,208,255,160,0,144,0,224,255,224,0,144,0,224,255,16,1,112,0,208,255,0,1,144,0,208,255,208,0,128,0,240,255,0,1,144,0,208,255,208,0,144,0,208,255,16,1,128,0,208,255,224,0,144,0,208,255,240,0,144,0,208,255,240,0,128,0,208,255,192,0,112,0,224,255,240,0,144,0,224,255,240,0,160,0,208,255,240,0,144,0,224,255,16,1,
170,65,104,0,115,70,3,0,214643,144,0,208,255,224,0,128,0,224,255,16,1,128,0,192,255,0,1,128,0,208,255,32,1,128,0,208,255,240,0,128,0,208,255,240,0,128,0,208,255,16,1,128,0,208,255,240,0,160,0,224,255,0,1,128,0,208,255,208,0,128,0,224,255,240,0,112,0,240,255,0,1,128,0,208,255,240,0,160,0,224,255,224,0,128,0,208,255,208,0,128,0,208,255,208,0,
170,65,104,0,130,70,3,0,214658,176,0,224,255,176,0,112,0,208,255,224,0,160,0,192,255,16,1,128,0,240,255,240,0,112,0,224,255,208,0,160,0,208,255,0,1,128,0,240,255,0,1,176,0,208,255,0,1,128,0,240,255,240,0,128,0,224,255,240,0,144,0,192,255,0,1,128,0,224,255,240,0,144,0,208,255,224,0,144,0,224,255,208,0,144,0,240,255,208,0,112,0,208,255,16,1,
170,65,104,0,146,70,3,0,214674,112,0,208,255,0,1,160,0,208,255,208,0,160,0,192,255,192,0,160,0,224,255,224,0,128,0,208,255,32,1,128,0,192,255,240,0,160,0,192,255,0,1,112,0,192,255,240,0,144,0,224,255,16,1,128,0,208,255,0,1,144,0,224,255,0,1,144,0,208,255,240,0,128,0,192,255,240,0,144,0,224,255,208,0,128,0,208,255,0,1,128,0,208,255,240,0,
170,65,104,0,161,70,3,0,214689,128,0,192,255,240,0,144,0,176,255,208,0,144,0,208,255,240,0,128,0,208,255,240,0,128,0,240,255,240,0,96,0,224,255,0,1,144,0,208,255,0,1,128,0,224,255,224,0,192,0,192,255,16,1,96,0,0,0,176,0,160,0,208,255,192,0,160,0,192,255,224,0,128,0,224,255,0,1,128,0,208,255,0,1,112,0,192,255,224,0,144,0,224,255,224,0,
170,65,104,0,177,70,3,0,214705,144,0,208,255,16,1,128,0,240,255,240,0,128,0,208,255,240,0,144,0,192,255,208,0,144,0,192,255,224,0,128,0,224,255,0,1,144,0,240,255,208,0,128,0,224,255,0,1,128,0,208,255,0,1,128,0,224,255,208,0,128,0,208,255,208,0,144,0,224,255,224,0,144,0,192,255,16,1,128,0,224,255,240,0,128,0,208,255,208,0,128,0,192,255,224,0,
170,65,104,0,192,70,3,0,214720,144,0,240,255,240,0,144,0,208,255,224,0,112,0,208,255,224,0,112,0,208,255,0,1,144,0,208,255,0,1,128,0,240,255,240,0,144,0,224,255,0,1,128,0,192,255,0,1,144,0,224,255,16,1,144,0,160,255,240,0,128,0,224,255,224,0,192,0,208,255,16,1,128,0,240,255,0,1,128,0,208,255,224,0,128,0,192,255,16,1,128,0,240,255,240,0,
170,65,104,0,208,70,3,0,214736,144,0,208,255,16,1,144,0,224,255,240,0,128,0,224,255,224,0,144,0,208,255,0,1,128,0,240,255,224,0,128,0,224,255,240,0,128,0,208,255,224,0,96,0,208,255,240,0,160,0,224,255,208,0,144,0,208,255,208,0,128,0,208,255,240,0,144,0,208,255,240,0,112,0,208,255,224,0,128,0,192,255,240,0,144,0,224,255,0,1,144,0,224,255,0,1,
170,65,104,0,223,70,3,0,214751,112,0,224,255,240,0,128,0,192,255,240,0,144,0,176,255,240,0,128,0,224,255,224,0,128,0,192,255,16,1,144,0,208,255,224,0,144,0,208,255,240,0,160,0,208,255,240,0,144,0,240,255,240,0,144,0,208,255,16,1,128,0,240,255,0,1,112,0,208,255,240,0,160,0,224,255,0,1,144,0,192,255,0,1,128,0,224,255,0,1,128,0,240,255,208,0,
170,65,104,0,238,70,3,0,214766,128,0,208,255,224,0,160,0,224,255,32,1,144,0,176,255,224,0,112,0,192,255,240,0,128,0,192,255,0,1,112,0,192,255,224,0,128,0,192,255,32,1,128,0,224,255,224,0,160,0,224,255,224,0,128,0,192,255,224,0,128,0,192,255,240,0,176,0,192,255,208,0,144,0,240,255,240,0,128,0,224,255,0,1,144,0,208,255,0,1,128,0,208,255,0,1,
170,65,104,0,254,70,3,0,214782,176,0,208,255,224,0,144,0,224,255,240,0,128,0,208,255,224,0,128,0,208,255,0,1,160,0,192,255,240,0,160,0,192,255,16,1,144,0,208,255,208,0,144,0,208,255,240,0,144,0,192,255,208,0,128,0,224,255,240,0,160,0,208,255,208,0,144,0,208,255,208,0,144,0,208,255,208,0,128,0,208,255,240,0,144,0,224,255,224,0,144,0,208,255,224,0,
170,65,104,0,13,71,3,0,214797,160,0,224,255,240,0,144,0,208,255,208,0,112,0,208,255,240,0,128,0,240,255,240,0,128,0,192,255,240,0,128,0,224,255,240,0,176,0,208,255,208,0,128,0,192,255,240,0,144,0,240,255,208,0,160,0,208,255,32,1,160,0,240,255,16,1,160,0,208,255,0,1,128,0,176,255,32,1,128,0,240,255,0,1,112,0,208,255,208,0,144,0,208,255,0,1,
170,65,104,0,29,71,3,0,214813,128,0,192,255,192,0,128,0,208,255,0,1,112,0,240,255,240,0,144,0,208,255,32,1,112,0,240,255,240,0,144,0,224,255,224,0,112,0,208,255,16,1,128,0,208,255,240,0,160,0,208,255,224,0,128,0,224,255,240,0,144,0,208,255,0,1,128,0,208,255,16,1,144,0,224,255,224,0,144,0,208,255,0,1,144,0,240,255,16,1,144,0,208,255,192,0,
170,65,104,0,44,71,3,0,214828,112,0,224,255,0,1,112,0,224,255,240,0,176,0,208,255,208,0,128,0,240,255,224,0,144,0,224,255,208,0,144,0,192,255,224,0,128,0,208,255,240,0,160,0,208,255,192,0,144,0,240,255,224,0,128,0,208,255,224,0,128,0,224,255,0,1,128,0,208,255,224,0,160,0,224,255,224,0,128,0,224,255,0,1,160,0,224,255,240,0,160,0,224,255,240,0,
170,65,104,0,60,71,3,0,214844,128,0,208,255,0,1,144,0,224,255,16,1,160,0,192,255,208,0,128,0,224,255,240,0,144,0,192,255,240,0,112,0,224,255,224,0,144,0,208,255,192,0,128,0,224,255,240,0,144,0,208,255,224,0,128,0,208,255,16,1,144,0,208,255,240,0,160,0,192,255,0,1,144,0,240,255,224,0,96,0,208,255,240,0,144,0,208,255,0,1,128,0,240,255,16,1,
170,65,104,0,75,71,3,0,214859,128,0,208,255,224,0,112,0,224,255,240,0,112,0,224,255,240,0,160,0,192,255,16,1,144,0,240,255,208,0,160,0,208,255,16,1,144,0,224,255,208,0,128,0,240,255,192,0,128,0,208,255,0,1,112,0,224,255,224,0,128,0,224,255,224,0,144,0,208,255,208,0,128,0,224,255,240,0,128,0,208,255,0,1,112,0,224,255,240,0,160,0,208,255,240,0,
170,65,104,0,90,71,3,0,214874,128,0,208,255,240,0,144,0,240,255,224,0,128,0,208,255,16,1,144,0,208,255,240,0,144,0,192,255,240,0,128,0,224,255,0,1,128,0,224,255,240,0,128,0,208,255,0,1,112,0,208,255,224,0,160,0,192,255,208,0,128,0,176,255,240,0,128,0,224,255,192,0,128,0,224,255,32,1,112,0,208,255,224,0,160,0,224,255,224,0,144,0,176,255,224,0,
170,65,104,0,106,71,3,0,214890,176,0,240,255,224,0,160,0,240,255,224,0,96,0,208,255,208,0,112,0,224,255,240,0,144,0,224,255,0,1,128,0,240,255,240,0,224,0,192,255,240,0,144,0,224,255,208,0,160,0,208,255,192,0,128,0,208,255,208,0,112,0,224,255,240,0,128,0,224,255,0,1,144,0,208,255,240,0,160,0,208,255,224,0,160,0,208,255,224,0,128,0,240,255,208,0,
170,65,104,0,121,71,3,0,214905,128,0,208,255,224,0,112,0,224,255,240,0,144,0,192,255,224,0,144,0,208,255,0,1,112,0,224,255,208,0,144,0,208,255,0,1,128,0,208,255,0,1,160,0,224,255,224,0,144,0,192,255,224,0,128,0,240,255,240,0,128,0,224,255,32,1,128,0,208,255,224,0,144,0,208,255,224,0,128,0,208,255,0,1,144,0,240,255,0,1,128,0,208,255,16,1,
170,65,104,0,137,71,3,0,214921,112,0,224,255,240,0,96,0,208,255,240,0,144,0,208,255,0,1,144,0,240,255,208,0,144,0,208,255,32,1,112,0,240,255,224,0,112,0,224,255,240,0,128,0,192,255,0,1,144,0,192,255,208,0,144,0,224,255,224,0,144,0,240,255,240,0,144,0,224,255,240,0,112,0,192,255,0,1,128,0,224,255,224,0,176,0,224,255,240,0,112,0,208,255,240,0,
170,65,104,0,152,71,3,0,214936,144,0,208,255,240,0,144,0,208,255,192,0,128,0,224,255,208,0,128,0,224,255,208,0,128,0,224,255,224,0,128,0,192,255,0,1,160,0,224,255,240,0,144,0,240,255,224,0,112,0,224,255,240,0,128,0,192,255,208,0,112,0,224,255,240,0,160,0,240,255,0,1,128,0,224,255,192,0,128,0,208,255,16,1,128,0,224,255,0,1,144,0,192,255,224,0,
170,65,104,0,168,71,3,0,214952,144,0,208,255,224,0,128,0,0,0,224,0,128,0,208,255,224,0,144,0,192,255,240,0,144,0,208,255,240,0,176,0,192,255,224,0,128,0,240,255,208,0,128,0,208,255,224,0,128,0,208,255,208,0,128,0,224,255,240,0,160,0,192,255,240,0,144,0,240,255,224,0,144,0,224,255,224,0,128,0,224,255,240,0,144,0,224,255,0,1,176,0,192,255,16,1,
170,65,104,0,183,71,3,0,214967,144,0,224,255,208,0,160,0,208,255,16,1,128,0,176,255,0,1,128,0,208,255,240,0,128,0,208,255,208,0,144,0,240,255,208,0,192,0,192,255,240,0,128,0,192,255,208,0,96,0,208,255,208,0,160,0,192,255,64,1,112,0,240,255,224,0,128,0,240,255,0,1,112,0,208,255,0,1,128,0,208,255,240,0,160,0,208,255,224,0,144,0,224,255,224,0,
170,65,104,0,199,71,3,0,214983,144,0,192,255,224,0,128,0,208,255,240,0,128,0,208,255,0,1,176,0,192,255,240,0,144,0,224,255,240,0,144,0,192,255,224,0,128,0,192,255,224,0,128,0,208,255,208,0,160,0,208,255,240,0,128,0,224,255,224,0,128,0,224,255,208,0,128,0,208,255,0,1,128,0,224,255,240,0,160,0,208,255,16,1,144,0,224,255,16,1,144,0,208,255,224,0,
170,65,104,0,214,71,3,0,214998,112,0,224,255,224,0,144,0,240,255,224,0,160,0,208,255,208,0,128,0,224,255,224,0,112,0,208,255,240,0,112,0,240,255,16,1,128,0,208,255,240,0,160,0,208,255,0,1,160,0,176,255,0,1,128,0,224,255,0,1,144,0,176,255,240,0,112,0,240,255,208,0,128,0,176,255,224,0,160,0,176,255,224,0,144,0,192,255,0,1,144,0,192,255,32,1,
170,65,104,0,229,71,3,0,215013,112,0,224,255,240,0,144,0,224,255,16,1,144,0,224,255,224,0,128,0,208,255,208,0,144,0,208,255,0,1,144,0,208,255,240,0,160,0,208,255,0,1,160,0,224,255,0,1,144,0,224,255,240,0,128,0,224,255,240,0,144,0,208,255,224,0,160,0,192,255,224,0,128,0,224,255,240,0,128,0,224,255,192,0,96,0,224,255,0,1,128,0,224,255,224,0,
170,65,104,0,245,71,3,0,215029,160,0,208,255,224,0,128,0,224,255,208,0,144,0,224,255,208,0,144,0,224,255,0,1,112,0,208,255,0,1,128,0,192,255,240,0,128,0,240,255,192,0,128,0,240,255,224,0,144,0,224,255,240,0,128,0,208,255,240,0,144,0,208,255,240,0,128,0,224,255,240,0,128,0,208,255,0,1,112,0,208,255,0,1,128,0,240,255,240,0,112,0,208,255,208,0,
170,65,104,0,4,72,3,0,215044,160,0,224,255,0,1,128,0,208,255,192,0,128,0,208,255,16,1,144,0,208,255,240,0,144,0,208,255,240,0,144,0,240,255,224,0,112,0,224,255,224,0,112,0,208,255,240,0,128,0,224,255,224,0,160,0,192,255,0,1,160,0,176,255,240,0,144,0,224,255,208,0,144,0,192,255,0,1,112,0,0,0,240,0,144,0,224,255,48,1,160,0,208,255,0,1,
170,65,104,0,20,72,3,0,215060,128,0,240,255,224,0,160,0,192,255,16,1,128,0,240,255,16,1,144,0,208,255,16,1,128,0,240,255,240,0,96,0,240,255,0,1,144,0,208,255,32,1,144,0,192,255,240,0,160,0,208,255,224,0,144,0,192,255,0,1,128,0,224,255,0,1,144,0,208,255,0,1,128,0,192,255,224,0,128,0,224,255,0,1,112,0,208,255,0,1,128,0,208,255,208,0,
170,65,104,0,35,72,3,0,215075,128,0,192,255,240,0,144,0,192,255,224,0,176,0,192,255,0,1,144,0,208,255,240,0,128,0,224,255,0,1,128,0,224,255,240,0,144,0,208,255,16,1,160,0,208,255,0,1,128,0,192,255,240,0,144,0,208,255,208,0,144,0,192,255,0,1,112,0,224,255,224,0,160,0,208,255,0,1,144,0,224,255,240,0,144,0,224,255,240,0,144,0,208,255,0,1,
170,65,104,0,51,72,3,0,215091,144,0,240,255,0,1,96,0,208,255,224,0,144,0,192,255,208,0,160,0,224,255,16,1,160,0,224,255,0,1,128,0,224,255,240,0,144,0,208,255,224,0,144,0,176,255,240,0,112,0,224,255,0,1,192,0,192,255,240,0,144,0,208,255,240,0,160,0,192,255,240,0,160,0,208,255,224,0,128,0,224,255,224,0,144,0,224,255,0,1,112,0,208,255,0,1,
170,65,104,0,66,72,3,0,215106,160,0,208,255,240,0,128,0,208,255,224,0,128,0,240,255,32,1,160,0,208,255,160,0,112,0,208,255,0,1,144,0,192,255,208,0,112,0,192,255,240,0,128,0,208,255,192,0,176,0,192,255,240,0,112,0,240,255,0,1,128,0,224,255,240,0,128,0,208,255,16,1,112,0,240,255,240,0,192,0,192,255,240,0,112,0,208,255,224,0,160,0,192,255,224,0,
170,65,104,0,81,72,3,0,215121,128,0,208,255,224,0,128,0,224,255,0,1,128,0,208,255,16,1,128,0,208,255,240,0,112,0,208,255,224,0,128,0,192,255,0,1,144,0,224,255,240,0,128,0,192,255,240,0,112,0,208,255,0,1,112,0,192,255,0,1,160,0,208,255,240,0,128,0,240,255,32,1,160,0,208,255,0,1,144,0,208,255,224,0,128,0,224,255,0,1,144,0,224,255,240,0,
170,65,104,0,97,72,3,0,215137,144,0,240,255,224,0,128,0,224,255,0,1,128,0,192,255,240,0,112,0,208,255,224,0,160,0,208,255,224,0,128,0,208,255,240,0,160,0,208,255,240,0,144,0,224,255,224,0,160,0,208,255,224,0,128,0,208,255,208,0,128,0,224,255,224,0,112,0,208,255,0,1,112,0,224,255,0,1,128,0,192,255,240,0,160,0,192,255,240,0,128,0,240,255,240,0,
170,65,104,0,112,72,3,0,215152,176,0,224,255,176,0,128,0,208,255,224,0,112,0,240,255,240,0,144,0,192,255,0,1,144,0,208,255,240,0,112,0,208,255,0,1,128,0,240,255,240,0,96,0,192,255,224,0,160,0,192,255,240,0,128,0,240,255,192,0,176,0,192,255,0,1,112,0,176,255,0,1,128,0,208,255,208,0,144,0,208,255,224,0,128,0,224,255,224,0,128,0,224,255,16,1,
170,65,104,0,128,72,3,0,215168,144,0,208,255,16,1,112,0,208,255,224,0,160,0,208,255,224,0,128,0,240,255,240,0,160,0,208,255,240,0,144,0,208,255,224,0,128,0,208,255,224,0,144,0,224,255,224,0,128,0,208,255,240,0,112,0,224,255,0,1,128,0,208,255,224,0,144,0,208,255,240,0,144,0,192,255,0,1,112,0,224,255,208,0,128,0,208,255,240,0,128,0,208,255,224,0,
170,65,104,0,143,72,3,0,215183,128,0,224,255,240,0,144,0,208,255,240,0,128,0,224,255,0,1,144,0,192,255,0,1,128,0,224,255,224,0,128,0,192,255,0,1,160,0,208,255,224,0,128,0,224,255,16,1,128,0,192,255,240,0,128,0,224,255,240,0,128,0,192,255,240,0,144,0,224,255,16,1,128,0,192,255,0,1,144,0,224,255,240,0,128,0,224,255,240,0,112,0,224,255,240,0,
170,65,104,0,159,72,3,0,215199,160,0,192,255,48,1,128,0,224,255,240,0,144,0,192,255,240,0,112,0,208,255,240,0,128,0,224,255,224,0,144,0,192,255,224,0,144,0,224,255,240,0,144,0,208,255,0,1,144,0,224,255,32,1,128,0,224,255,224,0,160,0,208,255,192,0,112,0,240,255,224,0,128,0,208,255,224,0,112,0,208,255,0,1,112,0,192,255,224,0,160,0,192,255,224,0,
170,65,104,0,174,72,3,0,215214,128,0,240,255,16,1,128,0,208,255,240,0,128,0,224,255,0,1,128,0,192,255,240,0,144,0,208,255,208,0,128,0,240,255,0,1,144,0,224,255,0,1,112,0,208,255,240,0,128,0,192,255,240,0,160,0,176,255,0,1,128,0,224,255,0,1,144,0,208,255,192,0,160,0,208,255,0,1,128,0,208,255,240,0,160,0,208,255,240,0,128,0,240,255,0,1,
170,65,104,0,190,72,3,0,215230,144,0,208,255,224,0,128,0,224,255,240,0,112,0,224,255,224,0,144,0,192,255,32,1,144,0,176,255,0,1,144,0,224,255,208,0,128,0,192,255,0,1,96,0,0,0,224,0,128,0,208,255,0,1,112,0,240,255,208,0,96,0,208,255,208,0,128,0,208,255,0,1,128,0,224,255,224,0,160,0,208,255,240,0,128,0,240,255,240,0,128,0,208,255,224,0,
170,65,104,0,205,72,3,0,215245,144,0,240,255,16,1,144,0,224,255,240,0,144,0,208,255,240,0,144,0,192,255,240,0,128,0,224,255,208,0,144,0,208,255,240,0,144,0,208,255,224,0,144,0,224,255,32,1,128,0,224,255,240,0,144,0,208,255,192,0,128,0,208,255,0,1,112,0,224,255,0,1,144,0,192,255,240,0,128,0,176,255,208,0,144,0,192,255,16,1,144,0,208,255,0,1,
170,65,104,0,220,72,3,0,215260,144,0,224,255,224,0,176,0,208,255,208,0,160,0,208,255,240,0,160,0,224,255,0,1,112,0,208,255,224,0,128,0,0,0,224,0,96,0,192,255,240,0,144,0,224,255,240,0,160,0,224,255,224,0,128,0,208,255,224,0,112,0,240,255,176,0,144,0,208,255,240,0,128,0,224,255,0,1,128,0,208,255,240,0,160,0,240,255,176,0,128,0,208,255,16,1,
170,65,104,0,236,72,3,0,215276,160,0,192,255,16,1,128,0,224,255,0,1,112,0,208,255,0,1,160,0,176,255,240,0,112,0,0,0,240,0,160,0,160,255,240,0,160,0,192,255,240,0,144,0,224,255,224,0,128,0,224,255,0,1,144,0,208,255,208,0,128,0,208,255,224,0,144,0,192,255,224,0,128,0,224,255,240,0,112,0,208,255,240,0,112,0,208,255,208,0,144,0,224,255,208,0,
170,65,104,0,251,72,3,0,215291,144,0,208,255,240,0,128,0,240,255,16,1,128,0,224,255,32,1,160,0,208,255,240,0,160,0,192,255,240,0,144,0,192,255,240,0,128,0,224,255,192,0,128,0,224,255,0,1,128,0,224,255,208,0,160,0,208,255,240,0,160,0,192,255,240,0,128,0,240,255,224,0,144,0,192,255,240,0,144,0,208,255,240,0,144,0,192,255,240,0,128,0,192,255,224,0,
170,65,104,0,11,73,3,0,215307,112,0,224,255,224,0,128,0,208,255,240,0,144,0,240,255,0,1,112,0,208,255,240,0,128,0,224,255,0,1,128,0,208,255,240,0,176,0,192,255,224,0,128,0,240,255,224,0,160,0,192,255,176,0,144,0,208,255,0,1,112,0,240,255,240,0,128,0,224,255,16,1,144,0,224,255,0,1,144,0,224,255,240,0,144,0,176,255,224,0,144,0,240,255,208,0,
170,65,104,0,26,73,3,0,215322,128,0,224,255,240,0,128,0,208,255,240,0,96,0,224,255,16,1,160,0,176,255,224,0,144,0,240,255,192,0,128,0,208,255,16,1,128,0,224,255,240,0,128,0,208,255,224,0,144,0,192,255,224,0,144,0,240,255,224,0,128,0,224,255,240,0,128,0,208,255,240,0,128,0,208,255,16,1,144,0,224,255,208,0,144,0,224,255,208,0,128,0,208,255,240,0,
170,65,104,0,42,73,3,0,215338,144,0,208,255,224,0,96,0,192,255,224,0,144,0,208,255,208,0,128,0,240,255,240,0,176,0,224,255,192,0,128,0,192,255,224,0,144,0,224,255,0,1,160,0,192,255,240,0,144,0,224,255,224,0,144,0,208,255,16,1,144,0,224,255,240,0,112,0,240,255,240,0,176,0,224,255,0,1,144,0,192,255,192,0,144,0,208,255,32,1,128,0,192,255,224,0,
170,65,104,0,57,73,3,0,215353,128,0,240,255,208,0,144,0,208,255,16,1,144,0,176,255,208,0,128,0,208,255,0,1,144,0,192,255,240,0,112,0,176,255,240,0,160,0,208,255,32,1,128,0,224,255,16,1,192,0,192,255,0,1,128,0,208,255,224,0,128,0,224,255,224,0,160,0,224,255,0,1,128,0,240,255,208,0,128,0,208,255,0,1,160,0,192,255,240,0,144,0,192,255,240,0,
170,65,104,0,72,73,3,0,215368,128,0,224,255,224,0,128,0,240,255,192,0,144,0,208,255,240,0,128,0,224,255,224,0,112,0,208,255,240,0,160,0,208,255,224,0,128,0,224,255,240,0,128,0,208,255,240,0,128,0,192,255,224,0,128,0,208,255,240,0,160,0,208,255,224,0,128,0,240,255,0,1,128,0,224,255,0,1,112,0,208,255,224,0,144,0,192,255,224,0,144,0,192,255,208,0,
170,65,104,0,88,73,3,0,215384,160,0,208,255,16,1,128,0,224,255,0,1,144,0,208,255,240,0,128,0,208,255,32,1,144,0,208,255,240,0,144,0,240,255,224,0,160,0,240,255,176,0,128,0,224,255,16,1,128,0,240,255,208,0,160,0,192,255,0,1,128,0,224,255,192,0,160,0,208,255,240,0,144,0,192,255,240,0,128,0,192,255,240,0,144,0,208,255,224,0,144,0,240,255,208,0,
170,65,104,0,103,73,3,0,215399,128,0,224,255,208,0,128,0,224,255,16,1,128,0,224,255,224,0,144,0,192,255,0,1,128,0,240,255,16,1,144,0,224,255,224,0,128,0,208,255,224,0,144,0,224,255,224,0,160,0,192,255,240,0,128,0,224,255,240,0,128,0,192,255,240,0,160,0,192,255,32,1,128,0,208,255,240,0,128,0,208,255,176,0,160,0,224,255,208,0,128,0,224,255,224,0,
170,65,104,0,119,73,3,0,215415,128,0,224,255,32,1,128,0,208,255,16,1,160,0,208,255,208,0,128,0,224,255,240,0,128,0,224,255,224,0,160,0,208,255,240,0,128,0,208,255,240,0,160,0,192,255,32,1,144,0,160,255,224,0,144,0,192,255,208,0,128,0,224,255,224,0,128,0,192,255,0,1,160,0,208,255,0,1,144,0,192,255,224,0,112,0,192,255,224,0,128,0,176,255,0,1,
170,65,104,0,134,73,3,0,215430,128,0,240,255,240,0,112,0,192,255,240,0,144,0,224,255,192,0,96,0,208,255,240,0,128,0,208,255,0,1,144,0,0,0,208,0,160,0,208,255,0,1,144,0,192,255,224,0,128,0,208,255,240,0,112,0,224,255,16,1,128,0,208,255,240,0,144,0,208,255,224,0,128,0,224,255,240,0,128,0,208,255,208,0,128,0,192,255,0,1,144,0,224,255,0,1,
170,65,104,0,150,73,3,0,215446,176,0,208,255,224,0,144,0,224,255,208,0,128,0,224,255,208,0,144,0,208,255,0,1,128,0,224,255,0,1,176,0,208,255,208,0,144,0,176,255,240,0,144,0,208,255,208,0,144,0,224,255,224,0,128,0,208,255,224,0,144,0,176,255,240,0,160,0,176,255,240,0,144,0,224,255,240,0,144,0,208,255,240,0,160,0,208,255,224,0,144,0,208,255,0,1,
170,65,104,0,165,73,3,0,215461,144,0,192,255,240,0,128,0,240,255,0,1,176,0,224,255,224,0,128,0,208,255,16,1,160,0,208,255,240,0,144,0,176,255,208,0,96,0,240,255,224,0,160,0,192,255,0,1,128,0,0,0,0,1,144,0,208,255,0,1,128,0,208,255,240,0,128,0,224,255,192,0,160,0,208,255,240,0,144,0,208,255,240,0,128,0,224,255,208,0,144,0,208,255,224,0,
170,65,104,0,181,73,3,0,215477,144,0,224,255,16,1,144,0,192,255,32,1,128,0,240,255,240,0,160,0,224,255,0,1,112,0,224,255,224,0,144,0,224,255,0,1,128,0,224,255,16,1,144,0,192,255,0,1,160,0,208,255,0,1,128,0,192,255,240,0,144,0,240,255,208,0,144,0,176,255,224,0,128,0,240,255,240,0,160,0,208,255,240,0,144,0,192,255,0,1,128,0,240,255,224,0,
170,65,104,0,196,73,3,0,215492,160,0,192,255,0,1,128,0,208,255,0,1,144,0,208,255,0,1,128,0,208,255,224,0,128,0,224,255,240,0,128,0,192,255,224,0,128,0,240,255,240,0,112,0,208,255,240,0,144,0,208,255,240,0,144,0,224,255,240,0,128,0,208,255,240,0,160,0,224,255,16,1,128,0,224,255,240,0,160,0,208,255,224,0,144,0,224,255,0,1,144,0,208,255,0,1,
170,65,104,0,211,73,3,0,215507,128,0,208,255,208,0,128,0,224,255,224,0,144,0,192,255,0,1,144,0,208,255,240,0,128,0,208,255,208,0,144,0,192,255,240,0,128,0,192,255,16,1,144,0,208,255,16,1,112,0,224,255,224,0,144,0,224,255,224,0,112,0,240,255,224,0,144,0,208,255,16,1,160,0,208,255,224,0,128,0,224,255,224,0,176,0,208,255,0,1,96,0,240,255,224,0,
170,65,104,0,227,73,3,0,215523,96,0,208,255,224,0,144,0,176,255,16,1,128,0,240,255,224,0,160,0,176,255,16,1,112,0,240,255,240,0,144,0,192,255,192,0,128,0,208,255,240,0,144,0,240,255,240,0,144,0,192,255,240,0,144,0,208,255,240,0,128,0,208,255,0,1,144,0,208,255,224,0,128,0,240,255,208,0,128,0,208,255,0,1,144,0,224,255,240,0,112,0,224,255,240,0,
170,65,104,0,242,73,3,0,215538,160,0,192,255,224,0,128,0,240,255,224,0,128,0,224,255,224,0,112,0,224,255,224,0,144,0,192,255,0,1,176,0,192,255,240,0,144,0,224,255,0,1,144,0,208,255,32,1,144,0,208,255,240,0,112,0,208,255,240,0,160,0,208,255,240,0,128,0,240,255,240,0,144,0,224,255,240,0,128,0,224,255,240,0,128,0,224,255,224,0,144,0,240,255,240,0,
170,65,104,0,2,74,3,0,215554,144,0,224,255,208,0,144,0,224,255,176,0,144,0,208,255,0,1,128,0,0,0,240,0,144,0,192,255,0,1,128,0,240,255,240,0,160,0,208,255,224,0,128,0,176,255,208,0,128,0,224,255,224,0,144,0,208,255,48,1,144,0,240,255,240,0,144,0,224,255,0,1,112,0,224,255,16,1,128,0,208,255,16,1,144,0,192,255,224,0,144,0,240,255,192,0,
170,65,104,0,17,74,3,0,215569,144,0,208,255,0,1,112,0,224,255,240,0,112,0,208,255,240,0,160,0,224,255,0,1,144,0,208,255,240,0,128,0,208,255,240,0,160,0,240,255,224,0,128,0,192,255,240,0,176,0,208,255,240,0,128,0,224,255,208,0,144,0,208,255,0,1,128,0,224,255,240,0,128,0,176,255,240,0,160,0,224,255,32,1,144,0,0,0,0,1,144,0,208,255,208,0,
170,65,104,0,33,74,3,0,215585,144,0,208,255,0,1,112,0,208,255,208,0,160,0,224,255,224,0,128,0,208,255,192,0,128,0,208,255,176,0,128,0,240,255,16,1,128,0,208,255,224,0,160,0,208,255,0,1,144,0,176,255,208,0,128,0,224,255,240,0,128,0,192,255,16,1,112,0,224,255,16,1,160,0,192,255,32,1,112,0,240,255,192,0,160,0,224,255,240,0,112,0,240,255,0,1,
170,65,104,0,48,74,3,0,215600,128,0,224,255,0,1,160,0,208,255,224,0,128,0,240,255,240,0,160,0,208,255,240,0,144,0,240,255,224,0,128,0,208,255,240,0,160,0,208,255,224,0,144,0,224,255,208,0,128,0,224,255,240,0,128,0,208,255,0,1,128,0,224,255,224,0,160,0,224,255,224,0,144,0,208,255,240,0,128,0,224,255,224,0,128,0,208,255,0,1,144,0,208,255,0,1,
170,65,104,0,63,74,3,0,215615,160,0,208,255,240,0,128,0,224,255,208,0,144,0,224,255,192,0,128,0,224,255,240,0,144,0,208,255,0,1,160,0,192,255,240,0,112,0,224,255,240,0,112,0,208,255,0,1,128,0,208,255,0,1,128,0,240,255,0,1,96,0,192,255,208,0,128,0,208,255,0,1,160,0,208,255,224,0,128,0,208,255,0,1,128,0,240,255,16,1,112,0,192,255,240,0,
170,65,104,0,79,74,3,0,215631,128,0,240,255,224,0,96,0,208,255,208,0,128,0,176,255,240,0,128,0,0,0,224,0,160,0,208,255,0,1,128,0,240,255,240,0,128,0,208,255,208,0,112,0,208,255,240,0,128,0,192,255,224,0,160,0,224,255,224,0,128,0,240,255,208,0,128,0,224,255,224,0,128,0,224,255,240,0,128,0,192,255,224,0,144,0,192,255,208,0,144,0,224,255,224,0,
170,65,104,0,94,74,3,0,215646,144,0,208,255,224,0,128,0,208,255,0,1,128,0,192,255,240,0,144,0,208,255,0,1,144,0,176,255,224,0,128,0,208,255,208,0,144,0,208,255,16,1,128,0,192,255,224,0,144,0,192,255,240,0,144,0,224,255,0,1,128,0,192,255,224,0,128,0,208,255,16,1,128,0,208,255,224,0,176,0,192,255,240,0,160,0,224,255,240,0,144,0,224,255,240,0,
170,65,104,0,110,74,3,0,215662,128,0,208,255,16,1,144,0,192,255,224,0,160,0,208,255,240,0,160,0,192,255,240,0,160,0,224,255,208,0,128,0,240,255,192,0,128,0,208,255,224,0,144,0,192,255,0,1,128,0,224,255,208,0,128,0,224,255,224,0,176,0,192,255,48,1,112,0,0,0,208,0,144,0,208,255,240,0,128,0,208,255,240,0,160,0,208,255,224,0,128,0,208,255,240,0,
170,65,104,0,125,74,3,0,215677,128,0,240,255,208,0,144,0,208,255,0,1,128,0,208,255,240,0,128,0,224,255,208,0,176,0,192,255,240,0,144,0,224,255,240,0,128,0,208,255,208,0,112,0,224,255,224,0,128,0,240,255,240,0,144,0,224,255,0,1,128,0,208,255,0,1,160,0,224,255,0,1,144,0,192,255,224,0,144,0,224,255,224,0,144,0,208,255,240,0,128,0,208,255,240,0,
170,65,104,0,141,74,3,0,215693,160,0,208,255,208,0,112,0,208,255,0,1,144,0,224,255,16,1,128,0,224,255,16,1,128,0,224,255,16,1,144,0,224,255,224,0,128,0,208,255,224,0,160,0,224,255,224,0,112,0,208,255,224,0,128,0,192,255,240,0,160,0,208,255,224,0,144,0,224,255,240,0,144,0,240,255,208,0,128,0,192,255,240,0,112,0,224,255,240,0,160,0,192,255,16,1,
170,65,104,0,156,74,3,0,215708,160,0,176,255,0,1,160,0,224,255,192,0,160,0,208,255,192,0,128,0,208,255,240,0,160,0,192,255,240,0,128,0,192,255,240,0,112,0,240,255,208,0,176,0,208,255,16,1,112,0,224,255,0,1,160,0,208,255,224,0,128,0,208,255,208,0,128,0,224,255,240,0,128,0,208,255,0,1,112,0,224,255,224,0,128,0,192,255,208,0,160,0,224,255,0,1,
170,65,104,0,172,74,3,0,215724,128,0,224,255,208,0,128,0,224,255,240,0,144,0,224,255,240,0,128,0,208,255,224,0,144,0,176,255,224,0,128,0,240,255,208,0,128,0,240,255,240,0,128,0,224,255,240,0,112,0,192,255,240,0,160,0,208,255,208,0,144,0,224,255,16,1,128,0,192,255,0,1,112,0,208,255,224,0,128,0,192,255,224,0,160,0,208,255,0,1,144,0,208,255,0,1,
170,65,104,0,187,74,3,0,215739,128,0,224,255,32,1,128,0,192,255,0,1,128,0,208,255,224,0,144,0,224,255,0,1,128,0,176,255,240,0,144,0,208,255,0,1,112,0,240,255,224,0,112,0,224,255,240,0,160,0,208,255,240,0,96,0,224,255,208,0,160,0,192,255,240,0,96,0,0,0,208,0,96,0,240,255,240,0,112,0,192,255,208,0,128,0,240,255,0,1,128,0,208,255,0,1,
170,65,104,0,202,74,3,0,215754,128,0,208,255,224,0,128,0,208,255,208,0,160,0,208,255,224,0,112,0,240,255,224,0,128,0,224,255,0,1,128,0,192,255,224,0,128,0,192,255,240,0,160,0,192,255,224,0,160,0,224,255,0,1,160,0,208,255,0,1,144,0,208,255,240,0,144,0,208,255,0,1,160,0,208,255,0,1,160,0,192,255,240,0,144,0,208,255,16,1,112,0,208,255,240,0,
170,65,104,0,218,74,3,0,215770,144,0,208,255,240,0,144,0,224,255,240,0,144,0,224,255,224,0,176,0,224,255,224,0,112,0,192,255,240,0,112,0,208,255,240,0,144,0,192,255,32,1,128,0,208,255,224,0,112,0,192,255,224,0,128,0,192,255,208,0,96,0,208,255,240,0,128,0,224,255,16,1,144,0,240,255,224,0,144,0,208,255,224,0,128,0,208,255,16,1,112,0,224,255,224,0,
170,65,104,0,233,74,3,0,215785,144,0,208,255,0,1,144,0,240,255,240,0,144,0,192,255,224,0,128,0,208,255,224,0,128,0,208,255,224,0,160,0,208,255,240,0,144,0,240,255,240,0,160,0,208,255,208,0,128,0,208,255,208,0,144,0,208,255,208,0,160,0,224,255,16,1,128,0,240,255,224,0,128,0,224,255,240,0,112,0,208,255,16,1,144,0,208,255,0,1,144,0,208,255,240,0,
170,65,104,0,249,74,3,0,215801,144,0,224,255,192,0,128,0,224,255,240,0,144,0,224,255,0,1,112,0,192,255,0,1,160,0,192,255,0,1,160,0,176,255,208,0,128,0,208,255,240,0,144,0,192,255,0,1,96,0,240,255,0,1,144,0,192,255,16,1,128,0,224,255,208,0,176,0,208,255,0,1,128,0,224,255,32,1,112,0,224,255,16,1,176,0,192,255,16,1,144,0,224,255,240,0,
170,65,104,0,8,75,3,0,215816,112,0,192,255,240,0,144,0,208,255,32,1,128,0,208,255,240,0,144,0,208,255,0,1,160,0,224,255,240,0,144,0,224,255,208,0,128,0,240,255,0,1,128,0,208,255,240,0,160,0,208,255,240,0,144,0,224,255,240,0,144,0,208,255,192,0,160,0,208,255,0,1,144,0,192,255,16,1,176,0,208,255,0,1,128,0,224,255,240,0,128,0,224,255,0,1,
170,65,104,0,24,75,3,0,215832,128,0,224,255,0,1,112,0,224,255,208,0,176,0,192,255,16,1,128,0,224,255,240,0,128,0,240,255,224,0,128,0,224,255,240,0,128,0,240,255,240,0,112,0,208,255,240,0,128,0,224,255,192,0,176,0,224,255,192,0,128,0,224,255,0,1,128,0,0,0,208,0,144,0,192,255,32,1,128,0,224,255,0,1,128,0,208,255,240,0,144,0,192,255,224,0,
170,65,104,0,39,75,3,0,215847,112,0,224,255,224,0,160,0,208,255,208,0,128,0,240,255,208,0,144,0,224,255,208,0,128,0,224,255,0,1,144,0,192,255,0,1,176,0,208,255,0,1,144,0,224,255,224,0,128,0,224,255,224,0,160,0,208,255,0,1,112,0,208,255,0,1,144,0,192,255,224,0,128,0,160,255,240,0,144,0,208,255,240,0,128,0,208,255,32,1,144,0,208,255,208,0,
170,65,104,0,54,75,3,0,215862,160,0,208,255,208,0,144,0,192,255,224,0,112,0,208,255,240,0,128,0,192,255,0,1,128,0,224,255,240,0,160,0,208,255,240,0,128,0,208,255,240,0,144,0,208,255,208,0,112,0,192,255,0,1,128,0,224,255,192,0,144,0,208,255,0,1,144,0,176,255,240,0,128,0,208,255,224,0,160,0,224,255,144,0,112,0,208,255,224,0,160,0,208,255,16,1,
170,65,104,0,70,75,3,0,215878,176,0,176,255,240,0,128,0,224,255,208,0,144,0,192,255,0,1,128,0,240,255,224,0,160,0,176,255,32,1,144,0,208,255,208,0,128,0,240,255,224,0,128,0,208,255,0,1,128,0,208,255,0,1,144,0,192,255,240,0,144,0,208,255,208,0,144,0,224,255,224,0,144,0,208,255,224,0,128,0,224,255,208,0,144,0,208,255,0,1,160,0,208,255,240,0,
170,65,104,0,85,75,3,0,215893,128,0,240,255,240,0,128,0,208,255,240,0,160,0,176,255,224,0,128,0,208,255,224,0,128,0,192,255,224,0,160,0,224,255,224,0,144,0,192,255,240,0,128,0,224,255,0,1,112,0,224,255,240,0,144,0,208,255,240,0,128,0,240,255,224,0,128,0,240,255,16,1,144,0,208,255,224,0,160,0,224,255,224,0,144,0,208,255,192,0,144,0,224,255,208,0,
170,65,104,0,101,75,3,0,215909,128,0,208,255,224,0,128,0,0,0,240,0,96,0,192,255,224,0,128,0,176,255,224,0,144,0,208,255,224,0,112,0,208,255,0,1,128,0,0,0,208,0,144,0,224,255,240,0,128,0,208,255,224,0,80,0,240,255,208,0,176,0,208,255,16,1,112,0,208,255,208,0,144,0,224,255,224,0,160,0,208,255,224,0,144,0,224,255,224,0,128,0,224,255,0,1,
170,65,104,0,116,75,3,0,215924,128,0,224,255,208,0,96,0,224,255,224,0,128,0,208,255,224,0,144,0,240,255,16,1,128,0,208,255,0,1,144,0,192,255,224,0,112,0,192,255,240,0,144,0,208,255,192,0,144,0,240,255,240,0,144,0,192,255,0,1,112,0,208,255,0,1,112,0,224,255,240,0,160,0,224,255,0,1,112,0,224,255,224,0,128,0,224,255,0,1,144,0,192,255,224,0,
170,65,104,0,132,75,3,0,215940,128,0,208,255,224,0,144,0,208,255,192,0,160,0,240,255,240,0,112,0,224,255,240,0,144,0,208,255,240,0,144,0,208,255,240,0,128,0,192,255,240,0,128,0,224,255,240,0,160,0,224,255,224,0,144,0,208,255,224,0,176,0,208,255,192,0,160,0,208,255,16,1,112,0,224,255,240,0,176,0,192,255,240,0,128,0,192,255,192,0,96,0,240,255,0,1,
170,65,104,0,147,75,3,0,215955,144,0,192,255,240,0,128,0,224,255,224,0,160,0,176,255,16,1,128,0,192,255,240,0,112,0,192,255,0,1,144,0,192,255,0,1,128,0,208,255,192,0,128,0,208,255,224,0,144,0,208,255,208,0,128,0,208,255,240,0,160,0,192,255,208,0,112,0,224,255,224,0,144,0,208,255,224,0,128,0,224,255,240,0,112,0,224,255,224,0,160,0,208,255,224,0,
170,65,104,0,163,75,3,0,215971,128,0,224,255,208,0,128,0,208,255,0,1,112,0,208,255,16,1,112,0,224,255,240,0,144,0,208,255,224,0,144,0,240,255,0,1,144,0,192,255,240,0,128,0,208,255,240,0,112,0,224,255,224,0,160,0,192,255,224,0,144,0,224,255,208,0,128,0,208,255,0,1,112,0,192,255,224,0,128,0,192,255,240,0,160,0,208,255,208,0,128,0,240,255,224,0,
170,65,104,0,178,75,3,0,215986,144,0,240,255,16,1,128,0,0,0,224,0,112,0,224,255,0,1,144,0,208,255,32,1,144,0,192,255,224,0,112,0,208,255,0,1,144,0,192,255,16,1,112,0,224,255,224,0,160,0,192,255,16,1,128,0,240,255,224,0,144,0,208,255,240,0,128,0,224,255,224,0,112,0,208,255,240,0,176,0,208,255,0,1,128,0,240,255,0,1,128,0,208,255,240,0,
170,65,104,0,193,75,3,0,216001,144,0,192,255,224,0,112,0,224,255,224,0,176,0,192,255,0,1,144,0,240,255,224,0,112,0,208,255,240,0,128,0,224,255,32,1,112,0,224,255,0,1,160,0,208,255,208,0,160,0,224,255,224,0,128,0,224,255,192,0,128,0,208,255,240,0,128,0,224,255,240,0,160,0,192,255,224,0,128,0,224,255,224,0,144,0,192,255,224,0,160,0,208,255,16,1,
170,65,104,0,209,75,3,0,216017,128,0,208,255,224,0,128,0,208,255,224,0,144,0,224,255,224,0,112,0,224,255,240,0,112,0,224,255,240,0,112,0,224,255,0,1,112,0,192,255,240,0,144,0,240,255,240,0,176,0,224,255,208,0,128,0,224,255,32,1,144,0,0,0,208,0,160,0,224,255,64,1,96,0,240,255,224,0,144,0,240,255,240,0,128,0,208,255,0,1,112,0,192,255,240,0,
170,65,104,0,224,75,3,0,216032,144,0,208,255,0,1,112,0,208,255,208,0,176,0,208,255,192,0,144,0,208,255,0,1,112,0,240,255,192,0,144,0,208,255,0,1,128,0,224,255,224,0,128,0,208,255,208,0,128,0,192,255,240,0,128,0,208,255,0,1,144,0,192,255,16,1,144,0,224,255,224,0,128,0,208,255,208,0,144,0,208,255,224,0,128,0,224,255,240,0,144,0,208,255,224,0,
170,65,104,0,240,75,3,0,216048,144,0,224,255,16,1,128,0,208,255,224,0,128,0,208,255,224,0,112,0,208,255,224,0,144,0,208,255,0,1,112,0,240,255,240,0,128,0,208,255,240,0,128,0,224,255,0,1,144,0,208,255,208,0,160,0,208,255,240,0,144,0,224,255,224,0,144,0,208,255,224,0,128,0,208,255,0,1,128,0,208,255,208,0,176,0,208,255,208,0,128,0,192,255,240,0,
170,65,104,0,255,75,3,0,216063,160,0,208,255,224,0,128,0,208,255,32,1,128,0,208,255,224,0,144,0,208,255,224,0,160,0,176,255,208,0,128,0,208,255,0,1,160,0,240,255,0,1,144,0,208,255,240,0,144,0,176,255,16,1,128,0,224,255,208,0,128,0,224,255,0,1,160,0,192,255,0,1,144,0,0,0,208,0,176,0,192,255,0,1,128,0,192,255,192,0,144,0,224,255,192,0,
170,65,104,0,15,76,3,0,216079,160,0,224,255,240,0,128,0,240,255,0,1,144,0,208,255,16,1,112,0,224,255,192,0,144,0,240,255,208,0,144,0,208,255,240,0,128,0,224,255,0,1,128,0,208,255,240,0,144,0,192,255,224,0,128,0,240,255,224,0,144,0,224,255,32,1,128,0,224,255,240,0,128,0,208,255,240,0,144,0,208,255,240,0,128,0,208,255,224,0,128,0,224,255,240,0,
170,65,104,0,30,76,3,0,216094,128,0,240,255,240,0,128,0,208,255,208,0,160,0,192,255,224,0,144,0,240,255,224,0,128,0,240,255,16,1,144,0,192,255,208,0,144,0,224,255,240,0,144,0,192,255,208,0,144,0,208,255,240,0,128,0,208,255,0,1,128,0,208,255,208,0,128,0,192,255,240,0,160,0,192,255,240,0,144,0,224,255,240,0,144,0,224,255,16,1,112,0,240,255,240,0,
170,65,104,0,46,76,3,0,216110,96,0,176,255,0,1,128,0,192,255,224,0,160,0,208,255,240,0,128,0,208,255,16,1,112,0,0,0,240,0,160,0,192,255,208,0,144,0,192,255,0,1,112,0,240,255,16,1,176,0,208,255,224,0,128,0,208,255,240,0,160,0,192,255,240,0,128,0,176,255,0,1,144,0,224,255,224,0,128,0,224,255,240,0,128,0,208,255,240,0,160,0,224,255,224,0,
170,65,104,0,61,76,3,0,216125,144,0,192,255,0,1,160,0,224,255,224,0,144,0,192,255,0,1,128,0,240,255,0,1,128,0,208,255,224,0,128,0,208,255,208,0,144,0,224,255,240,0,128,0,208,255,16,1,144,0,192,255,192,0,112,0,224,255,240,0,128,0,192,255,240,0,144,0,240,255,0,1,144,0,208,255,240,0,128,0,208,255,240,0,112,0,224,255,0,1,128,0,224,255,208,0,
170,65,104,0,76,76,3,0,216140,128,0,240,255,224,0,128,0,192,255,224,0,128,0,224,255,192,0,160,0,208,255,32,1,144,0,176,255,224,0,128,0,240,255,240,0,160,0,224,255,208,0,128,0,224,255,240,0,128,0,240,255,176,0,160,0,192,255,16,1,128,0,240,255,208,0,192,0,208,255,240,0,144,0,240,255,0,1,128,0,208,255,16,1,192,0,192,255,240,0,160,0,192,255,240,0,
170,65,104,0,92,76,3,0,216156,128,0,224,255,240,0,144,0,224,255,224,0,128,0,208,255,208,0,144,0,192,255,16,1,96,0,240,255,224,0,160,0,192,255,240,0,112,0,192,255,224,0,112,0,192,255,240,0,144,0,192,255,224,0,128,0,224,255,208,0,128,0,208,255,0,1,144,0,208,255,224,0,128,0,208,255,224,0,176,0,192,255,240,0,128,0,240,255,240,0,128,0,224,255,240,0,
170,65,104,0,107,76,3,0,216171,128,0,224,255,0,1,128,0,208,255,240,0,128,0,208,255,240,0,128,0,240,255,224,0,160,0,208,255,0,1,128,0,208,255,240,0,112,0,208,255,224,0,160,0,208,255,176,0,112,0,224,255,240,0,112,0,208,255,0,1,128,0,192,255,16,1,128,0,208,255,0,1,176,0,192,255,240,0,160,0,224,255,240,0,144,0,224,255,240,0,128,0,208,255,240,0,
170,65,104,0,123,76,3,0,216187,144,0,208,255,240,0,144,0,208,255,224,0,128,0,224,255,208,0,160,0,240,255,160,0,144,0,208,255,240,0,128,0,208,255,0,1,144,0,224,255,192,0,144,0,240,255,224,0,192,0,208,255,240,0,128,0,192,255,240,0,128,0,176,255,224,0,144,0,208,255,224,0,144,0,240,255,224,0,128,0,208,255,192,0,112,0,224,255,0,1,128,0,208,255,224,0,
170,65,104,0,138,76,3,0,216202,160,0,224,255,192,0,112,0,224,255,0,1,144,0,208,255,240,0,112,0,208,255,240,0,128,0,208,255,240,0,160,0,192,255,240,0,144,0,224,255,224,0,112,0,224,255,240,0,144,0,224,255,16,1,128,0,208,255,240,0,160,0,192,255,0,1,144,0,224,255,224,0,144,0,192,255,224,0,128,0,224,255,16,1,128,0,208,255,0,1,160,0,192,255,240,0,
170,65,104,0,154,76,3,0,216218,144,0,224,255,208,0,160,0,224,255,240,0,144,0,224,255,240,0,112,0,240,255,176,0,144,0,240,255,224,0,128,0,240,255,0,1,160,0,240,255,208,0,128,0,208,255,0,1,112,0,240,255,0,1,112,0,192,255,240,0,128,0,224,255,240,0,128,0,208,255,240,0,112,0,224,255,0,1,144,0,224,255,208,0,144,0,208,255,32,1,128,0,208,255,0,1,
170,65,104,0,169,76,3,0,216233,128,0,192,255,208,0,128,0,240,255,0,1,128,0,208,255,208,0,144,0,208,255,240,0,112,0,224,255,240,0,128,0,208,255,0,1,112,0,176,255,224,0,112,0,240,255,0,1,144,0,192,255,224,0,144,0,224,255,0,1,144,0,208,255,240,0,144,0,208,255,0,1,112,0,208,255,240,0,176,0,208,255,240,0,128,0,240,255,240,0,144,0,224,255,0,1,
170,65,104,0,184,76,3,0,216248,144,0,224,255,240,0,128,0,224,255,240,0,160,0,208,255,224,0,144,0,224,255,224,0,160,0,208,255,192,0,128,0,192,255,16,1,128,0,192,255,224,0,144,0,208,255,0,1,112,0,224,255,0,1,112,0,208,255,208,0,144,0,208,255,0,1,144,0,192,255,240,0,176,0,208,255,240,0,144,0,208,255,208,0,128,0,208,255,224,0,144,0,224,255,16,1,
170,65,104,0,200,76,3,0,216264,112,0,224,255,240,0,160,0,192,255,16,1,160,0,224,255,0,1,176,0,224,255,224,0,128,0,208,255,224,0,128,0,240,255,16,1,96,0,192,255,208,0,128,0,240,255,224,0,128,0,224,255,240,0,176,0,224,255,32,1,128,0,240,255,208,0,144,0,224,255,16,1,128,0,224,255,240,0,128,0,240,255,192,0,128,0,208,255,16,1,112,0,208,255,224,0,
170,65,104,0,215,76,3,0,216279,160,0,224,255,208,0,144,0,224,255,0,1,144,0,240,255,208,0,128,0,208,255,16,1,128,0,208,255,240,0,160,0,208,255,0,1,144,0,224,255,240,0,144,0,240,255,224,0,128,0,208,255,240,0,128,0,224,255,0,1,128,0,208,255,224,0,128,0,192,255,240,0,128,0,240,255,192,0,144,0,224,255,208,0,128,0,208,255,224,0,160,0,224,255,224,0,
170,65,104,0,231,76,3,0,216295,128,0,192,255,224,0,160,0,208,255,224,0,128,0,208,255,0,1,128,0,208,255,224,0,160,0,208,255,240,0,144,0,208,255,0,1,128,0,240,255,240,0,160,0,224,255,192,0,128,0,208,255,224,0,160,0,192,255,16,1,144,0,192,255,16,1,128,0,240,255,240,0,176,0,224,255,192,0,128,0,192,255,208,0,176,0,192,255,224,0,144,0,192,255,240,0,
170,65,104,0,246,76,3,0,216310,112,0,240,255,208,0,192,0,208,255,16,1,144,0,224,255,224,0,144,0,208,255,208,0,128,0,208,255,240,0,144,0,208,255,240,0,144,0,208,255,0,1,144,0,224,255,224,0,160,0,192,255,240,0,144,0,192,255,224,0,128,0,240,255,0,1,144,0,192,255,240,0,128,0,208,255,240,0,160,0,208,255,224,0,144,0,224,255,240,0,112,0,224,255,224,0,
170,65,104,0,6,77,3,0,216326,112,0,224,255,0,1,112,0,192,255,0,1,144,0,224,255,224,0,160,0,192,255,240,0,144,0,240,255,240,0,112,0,224,255,208,0,128,0,224,255,224,0,128,0,208,255,240,0,144,0,192,255,224,0,128,0,224,255,240,0,160,0,208,255,16,1,128,0,208,255,208,0,128,0,208,255,224,0,144,0,192,255,32,1,128,0,208,255,208,0,128,0,208,255,16,1,
170,65,104,0,21,77,3,0,216341,144,0,240,255,224,0,112,0,192,255,224,0,160,0,208,255,240,0,112,0,240,255,192,0,160,0,192,255,0,1,128,0,240,255,224,0,144,0,192,255,208,0,144,0,192,255,16,1,144,0,240,255,16,1,144,0,192,255,0,1,128,0,224,255,224,0,128,0,208,255,0,1,160,0,208,255,240,0,144,0,224,255,208,0,128,0,224,255,16,1,128,0,208,255,208,0,
170,65,104,0,37,77,3,0,216357,128,0,208,255,224,0,160,0,192,255,224,0,128,0,240,255,240,0,128,0,208,255,240,0,128,0,192,255,224,0,128,0,224,255,224,0,160,0,192,255,224,0,128,0,208,255,240,0,144,0,208,255,240,0,128,0,208,255,240,0,128,0,224,255,208,0,160,0,208,255,240,0,144,0,0,0,240,0,128,0,208,255,0,1,128,0,224,255,240,0,144,0,192,255,240,0,
170,65,104,0,52,77,3,0,216372,144,0,208,255,224,0,128,0,240,255,224,0,144,0,224,255,208,0,128,0,208,255,240,0,128,0,208,255,32,1,144,0,208,255,240,0,128,0,224,255,240,0,192,0,208,255,240,0,144,0,176,255,0,1,112,0,224,255,192,0,128,0,208,255,16,1,128,0,224,255,240,0,160,0,224,255,240,0,128,0,208,255,240,0,112,0,224,255,240,0,144,0,224,255,208,0,
170,65,104,0,67,77,3,0,216387,144,0,240,255,240,0,160,0,208,255,32,1,128,0,224,255,208,0,128,0,224,255,224,0,160,0,208,255,224,0,144,0,224,255,240,0,144,0,208,255,240,0,128,0,224,255,224,0,112,0,224,255,0,1,176,0,208,255,0,1,128,0,224,255,16,1,128,0,224,255,224,0,128,0,224,255,0,1,160,0,208,255,224,0,160,0,192,255,224,0,128,0,240,255,240,0,
170,65,104,0,83,77,3,0,216403,112,0,224,255,176,0,128,0,208,255,192,0,128,0,192,255,224,0,160,0,208,255,240,0,144,0,224,255,224,0,144,0,240,255,0,1,144,0,224,255,0,1,128,0,208,255,16,1,144,0,208,255,16,1,144,0,192,255,208,0,144,0,208,255,0,1,96,0,192,255,240,0,128,0,224,255,224,0,144,0,208,255,32,1,128,0,224,255,240,0,176,0,208,255,0,1,
170,65,104,0,98,77,3,0,216418,112,0,224,255,16,1,112,0,208,255,224,0,160,0,224,255,224,0,160,0,208,255,224,0,128,0,208,255,208,0,128,0,224,255,240,0,144,0,192,255,16,1,160,0,224,255,240,0,128,0,240,255,208,0,112,0,208,255,192,0,144,0,224,255,32,1,144,0,192,255,224,0,176,0,224,255,224,0,160,0,224,255,208,0,144,0,208,255,224,0,144,0,240,255,16,1,
170,65,104,0,114,77,3,0,216434,128,0,208,255,224,0,160,0,192,255,16,1,160,0,224,255,240,0,160,0,208,255,208,0,144,0,208,255,0,1,112,0,208,255,16,1,160,0,224,255,240,0,128,0,224,255,240,0,128,0,240,255,0,1,128,0,240,255,0,1,128,0,240,255,224,0,96,0,208,255,224,0,144,0,224,255,224,0,160,0,208,255,208,0,128,0,192,255,0,1,128,0,240,255,240,0,
170,65,104,0,129,77,3,0,216449,160,0,192,255,48,1,128,0,224,255,16,1,176,0,208,255,240,0,144,0,208,255,16,1,128,0,0,0,224,0,144,0,192,255,32,1,144,0,208,255,240,0,112,0,192,255,224,0,128,0,192,255,0,1,112,0,224,255,240,0,144,0,176,255,240,0,112,0,224,255,224,0,144,0,208,255,224,0,128,0,208,255,0,1,128,0,208,255,224,0,160,0,208,255,0,1,
170,65,104,0,145,77,3,0,216465,128,0,240,255,240,0,112,0,208,255,240,0,128,0,208,255,32,1,128,0,224,255,224,0,144,0,208,255,0,1,144,0,224,255,240,0,144,0,208,255,240,0,144,0,192,255,16,1,144,0,224,255,240,0,144,0,208,255,224,0,144,0,192,255,240,0,112,0,208,255,208,0,128,0,224,255,240,0,128,0,240,255,224,0,144,0,208,255,240,0,144,0,192,255,16,1,
170,65,104,0,160,77,3,0,216480,144,0,208,255,224,0,128,0,208,255,16,1,128,0,192,255,0,1,144,0,192,255,0,1,144,0,192,255,208,0,128,0,240,255,0,1,144,0,240,255,160,0,128,0,224,255,240,0,144,0,208,255,0,1,128,0,208,255,224,0,128,0,224,255,240,0,144,0,176,255,16,1,128,0,240,255,208,0,160,0,208,255,240,0,128,0,240,255,224,0,112,0,224,255,240,0,
170,65,104,0,175,77,3,0,216495,128,0,224,255,0,1,128,0,208,255,240,0,160,0,224,255,16,1,128,0,208,255,0,1,144,0,208,255,224,0,144,0,208,255,16,1,112,0,208,255,224,0,160,0,240,255,224,0,144,0,208,255,240,0,128,0,240,255,208,0,128,0,208,255,0,1,144,0,224,255,0,1,144,0,208,255,224,0,144,0,208,255,224,0,112,0,240,255,240,0,128,0,192,255,0,1,
170,65,104,0,191,77,3,0,216511,128,0,224,255,240,0,144,0,208,255,240,0,128,0,208,255,240,0,160,0,224,255,16,1,128,0,208,255,16,1,112,0,224,255,240,0,160,0,208,255,224,0,128,0,208,255,224,0,176,0,224,255,208,0,144,0,224,255,208,0,144,0,224,255,16,1,144,0,192,255,208,0,144,0,192,255,240,0,144,0,224,255,224,0,160,0,192,255,0,1,128,0,208,255,208,0,
170,65,104,0,206,77,3,0,216526,160,0,208,255,0,1,128,0,208,255,32,1,160,0,240,255,224,0,144,0,192,255,208,0,144,0,208,255,32,1,160,0,224,255,240,0,128,0,192,255,0,1,128,0,240,255,240,0,176,0,208,255,32,1,112,0,240,255,224,0,160,0,192,255,208,0,128,0,176,255,16,1,128,0,224,255,224,0,176,0,224,255,176,0,112,0,192,255,224,0,144,0,208,255,192,0,
170,65,104,0,222,77,3,0,216542,128,0,208,255,240,0,128,0,224,255,0,1,176,0,208,255,16,1,128,0,224,255,208,0,160,0,224,255,224,0,128,0,208,255,0,1,144,0,240,255,208,0,144,0,224,255,32,1,128,0,208,255,0,1,112,0,208,255,240,0,160,0,208,255,240,0,128,0,240,255,0,1,144,0,176,255,0,1,160,0,224,255,224,0,128,0,208,255,224,0,144,0,192,255,208,0,
170,65,104,0,237,77,3,0,216557,144,0,224,255,208,0,144,0,208,255,240,0,128,0,208,255,240,0,112,0,192,255,16,1,144,0,224,255,240,0,144,0,224,255,240,0,144,0,192,255,16,1,128,0,208,255,240,0,128,0,208,255,240,0,160,0,208,255,240,0,144,0,224,255,224,0,128,0,224,255,16,1,144,0,224,255,224,0,128,0,192,255,224,0,144,0,224,255,0,1,144,0,176,255,224,0,
170,65,104,0,253,77,3,0,216573,128,0,192,255,16,1,128,0,224,255,0,1,128,0,176,255,240,0,160,0,208,255,240,0,112,0,224,255,224,0,160,0,192,255,0,1,128,0,160,255,240,0,112,0,0,0,224,0,144,0,208,255,224,0,128,0,240,255,224,0,144,0,224,255,240,0,112,0,208,255,224,0,112,0,192,255,0,1,144,0,208,255,240,0,128,0,240,255,240,0,128,0,224,255,16,1,
170,65,104,0,12,78,3,0,216588,144,0,224,255,224,0,128,0,208,255,224,0,160,0,192,255,240,0,144,0,224,255,240,0,128,0,224,255,0,1,144,0,208,255,0,1,128,0,208,255,224,0,160,0,192,255,240,0,144,0,240,255,240,0,128,0,224,255,240,0,112,0,224,255,0,1,128,0,208,255,224,0,144,0,208,255,240,0,160,0,224,255,176,0,128,0,208,255,240,0,128,0,224,255,224,0,
170,65,104,0,28,78,3,0,216604,128,0,208,255,224,0,160,0,208,255,240,0,128,0,224,255,16,1,176,0,208,255,208,0,128,0,208,255,224,0,96,0,224,255,240,0,128,0,208,255,224,0,144,0,224,255,208,0,160,0,208,255,32,1,128,0,192,255,240,0,112,0,240,255,192,0,160,0,192,255,16,1,112,0,224,255,224,0,144,0,224,255,16,1,144,0,224,255,224,0,128,0,208,255,208,0,
170,65,104,0,43,78,3,0,216619,144,0,224,255,208,0,144,0,240,255,16,1,128,0,224,255,240,0,128,0,224,255,32,1,128,0,224,255,208,0,144,0,208,255,224,0,128,0,208,255,0,1,112,0,224,255,224,0,144,0,208,255,0,1,112,0,240,255,16,1,160,0,208,255,0,1,144,0,224,255,240,0,144,0,224,255,208,0,128,0,208,255,240,0,144,0,192,255,208,0,160,0,192,255,208,0,
170,65,104,0,58,78,3,0,216634,144,0,224,255,208,0,144,0,224,255,224,0,128,0,224,255,0,1,112,0,224,255,224,0,144,0,208,255,224,0,128,0,240,255,0,1,128,0,224,255,208,0,160,0,240,255,224,0,128,0,208,255,240,0,160,0,208,255,32,1,112,0,192,255,0,1,128,0,208,255,208,0,112,0,208,255,16,1,144,0,240,255,208,0,144,0,240,255,16,1,112,0,240,255,240,0,
170,65,104,0,74,78,3,0,216650,112,0,208,255,240,0,112,0,240,255,224,0,96,0,208,255,240,0,144,0,208,255,16,1,144,0,224,255,208,0,128,0,224,255,208,0,144,0,192,255,0,1,128,0,240,255,224,0,176,0,192,255,208,0,128,0,224,255,208,0,128,0,208,255,208,0,128,0,240,255,240,0,112,0,192,255,240,0,144,0,208,255,224,0,128,0,224,255,224,0,128,0,208,255,240,0,
170,65,104,0,89,78,3,0,216665,128,0,224,255,16,1,144,0,208,255,240,0,144,0,208,255,0,1,112,0,224,255,240,0,128,0,192,255,224,0,128,0,192,255,224,0,128,0,224,255,0,1,144,0,208,255,0,1,128,0,240,255,240,0,144,0,208,255,240,0,144,0,208,255,16,1,128,0,224,255,208,0,160,0,208,255,240,0,144,0,208,255,240,0,144,0,208,255,16,1,128,0,208,255,16,1,
170,65,104,0,105,78,3,0,216681,128,0,208,255,240,0,160,0,192,255,240,0,112,0,240,255,240,0,160,0,224,255,224,0,128,0,192,255,0,1,128,0,240,255,240,0,96,0,192,255,0,1,128,0,208,255,208,0,128,0,224,255,224,0,160,0,176,255,0,1,128,0,224,255,240,0,160,0,176,255,16,1,144,0,224,255,224,0,96,0,224,255,208,0,128,0,224,255,0,1,128,0,208,255,224,0,
170,65,104,0,120,78,3,0,216696,160,0,208,255,0,1,128,0,176,255,224,0,144,0,240,255,224,0,128,0,224,255,240,0,112,0,208,255,0,1,128,0,208,255,0,1,144,0,208,255,224,0,112,0,240,255,208,0,128,0,224,255,240,0,128,0,208,255,208,0,128,0,208,255,192,0,128,0,208,255,208,0,128,0,240,255,224,0,112,0,192,255,0,1,112,0,208,255,16,1,144,0,192,255,0,1,
170,65,104,0,136,78,3,0,216712,144,0,208,255,208,0,128,0,224,255,0,1,112,0,208,255,0,1,128,0,192,255,224,0,144,0,208,255,0,1,144,0,192,255,0,1,144,0,240,255,240,0,128,0,208,255,16,1,128,0,0,0,240,0,112,0,224,255,0,1,144,0,192,255,0,1,128,0,240,255,224,0,144,0,208,255,16,1,128,0,192,255,224,0,128,0,208,255,0,1,144,0,224,255,0,1,
170,65,104,0,151,78,3,0,216727,160,0,208,255,224,0,144,0,208,255,16,1,128,0,192,255,0,1,144,0,208,255,240,0,144,0,192,255,240,0,128,0,224,255,224,0,176,0,240,255,224,0,128,0,208,255,208,0,144,0,208,255,0,1,144,0,208,255,240,0,144,0,208,255,0,1,144,0,224,255,240,0,144,0,224,255,16,1,144,0,224,255,240,0,112,0,224,255,240,0,128,0,208,255,240,0,
170,65,104,0,166,78,3,0,216742,112,0,208,255,224,0,144,0,224,255,240,0,128,0,208,255,0,1,128,0,208,255,224,0,128,0,224,255,224,0,144,0,208,255,0,1,144,0,208,255,0,1,144,0,224,255,224,0,96,0,224,255,240,0,128,0,208,255,224,0,144,0,192,255,0,1,144,0,192,255,208,0,128,0,192,255,0,1,144,0,224,255,0,1,144,0,192,255,0,1,144,0,192,255,16,1,
170,65,104,0,182,78,3,0,216758,128,0,208,255,224,0,160,0,208,255,208,0,144,0,192,255,0,1,160,0,176,255,0,1,160,0,192,255,16,1,144,0,224,255,240,0,128,0,208,255,0,1,144,0,224,255,240,0,144,0,128,255,192,0,144,0,208,255,0,1,144,0,0,0,208,0,160,0,208,255,240,0,144,0,192,255,48,1,144,0,176,255,224,0,128,0,208,255,16,1,128,0,240,255,0,1,
170,65,104,0,197,78,3,0,216773,144,0,208,255,240,0,160,0,176,255,0,1,96,0,224,255,208,0,176,0,224,255,240,0,112,0,224,255,224,0,128,0,208,255,16,1,176,0,192,255,224,0,128,0,240,255,224,0,128,0,208,255,240,0,128,0,208,255,240,0,128,0,224,255,240,0,160,0,208,255,240,0,144,0,224,255,240,0,144,0,208,255,240,0,160,0,208,255,32,1,128,0,208,255,240,0,
170,65,104,0,213,78,3,0,216789,144,0,208,255,224,0,144,0,224,255,208,0,144,0,176,255,240,0,128,0,208,255,240,0,128,0,208,255,240,0,160,0,192,255,240,0,128,0,240,255,208,0,144,0,224,255,16,1,144,0,208,255,240,0,112,0,192,255,224,0,160,0,192,255,0,1,128,0,240,255,208,0,128,0,192,255,0,1,128,0,208,255,240,0,112,0,224,255,224,0,128,0,208,255,224,0,
170,65,104,0,228,78,3,0,216804,144,0,240,255,224,0,160,0,208,255,208,0,144,0,192,255,224,0,112,0,192,255,224,0,144,0,192,255,240,0,128,0,224,255,224,0,176,0,192,255,224,0,128,0,176,255,224,0,144,0,208,255,224,0,160,0,208,255,0,1,128,0,240,255,224,0,128,0,208,255,0,1,144,0,208,255,240,0,128,0,224,255,240,0,144,0,208,255,224,0,128,0,208,255,224,0,
170,65,104,0,244,78,3,0,216820,160,0,208,255,208,0,144,0,224,255,240,0,128,0,208,255,224,0,160,0,192,255,0,1,128,0,0,0,208,0,144,0,224,255,224,0,144,0,192,255,0,1,128,0,208,255,0,1,160,0,192,255,192,0,128,0,224,255,240,0,144,0,224,255,0,1,128,0,224,255,0,1,128,0,208,255,0,1,144,0,224,255,224,0,128,0,224,255,16,1,144,0,224,255,208,0,
170,65,104,0,3,79,3,0,216835,144,0,224,255,0,1,128,0,208,255,240,0,160,0,192,255,16,1,176,0,176,255,224,0,128,0,208,255,224,0,144,0,224,255,240,0,96,0,192,255,208,0,176,0,192,255,16,1,128,0,208,255,192,0,128,0,224,255,192,0,112,0,208,255,0,1,112,0,240,255,0,1,160,0,192,255,224,0,144,0,224,255,208,0,144,0,224,255,240,0,96,0,240,255,0,1,
170,65,104,0,19,79,3,0,216851,128,0,224,255,192,0,144,0,208,255,208,0,128,0,240,255,208,0,144,0,208,255,224,0,160,0,192,255,240,0,128,0,224,255,240,0,160,0,208,255,224,0,144,0,224,255,0,1,144,0,192,255,240,0,144,0,224,255,224,0,144,0,224,255,224,0,176,0,224,255,0,1,128,0,224,255,240,0,128,0,208,255,0,1,128,0,224,255,16,1,128,0,224,255,224,0,
170,65,104,0,34,79,3,0,216866,144,0,208,255,0,1,144,0,224,255,208,0,144,0,208,255,240,0,128,0,192,255,240,0,112,0,224,255,224,0,176,0,192,255,0,1,128,0,224,255,224,0,160,0,208,255,224,0,112,0,208,255,240,0,128,0,240,255,240,0,96,0,192,255,0,1,128,0,208,255,208,0,112,0,192,255,224,0,144,0,176,255,32,1,128,0,224,255,176,0,160,0,208,255,16,1,
170,65,104,0,49,79,3,0,216881,128,0,240,255,0,1,144,0,208,255,224,0,144,0,208,255,16,1,128,0,240,255,0,1,160,0,208,255,32,1,128,0,224,255,0,1,128,0,208,255,240,0,160,0,208,255,240,0,128,0,192,255,224,0,160,0,208,255,240,0,144,0,192,255,224,0,144,0,224,255,240,0,112,0,208,255,240,0,128,0,208,255,240,0,144,0,208,255,240,0,128,0,208,255,0,1,
170,65,104,0,65,79,3,0,216897,144,0,240,255,240,0,144,0,192,255,0,1,128,0,224,255,208,0,144,0,208,255,224,0,144,0,192,255,240,0,144,0,208,255,224,0,128,0,208,255,0,1,112,0,208,255,224,0,160,0,208,255,208,0,144,0,208,255,240,0,112,0,224,255,208,0,160,0,192,255,16,1,160,0,208,255,224,0,160,0,208,255,208,0,112,0,192,255,0,1,128,0,240,255,208,0,
170,65,104,0,80,79,3,0,216912,112,0,224,255,240,0,128,0,240,255,224,0,144,0,224,255,0,1,160,0,176,255,240,0,144,0,208,255,224,0,160,0,224,255,192,0,128,0,192,255,0,1,144,0,192,255,0,1,128,0,208,255,240,0,128,0,240,255,0,1,160,0,208,255,240,0,144,0,240,255,240,0,144,0,192,255,160,0,128,0,176,255,208,0,128,0,224,255,208,0,128,0,208,255,240,0,
170,65,104,0,96,79,3,0,216928,128,0,224,255,0,1,144,0,208,255,16,1,144,0,208,255,240,0,144,0,224,255,16,1,128,0,208,255,32,1,128,0,192,255,240,0,160,0,208,255,0,1,144,0,192,255,224,0,144,0,240,255,240,0,160,0,208,255,32,1,112,0,208,255,240,0,160,0,192,255,240,0,128,0,208,255,240,0,128,0,224,255,240,0,128,0,224,255,0,1,128,0,208,255,224,0,
170,65,104,0,111,79,3,0,216943,144,0,208,255,0,1,144,0,192,255,0,1,144,0,240,255,224,0,144,0,192,255,240,0,128,0,224,255,208,0,160,0,192,255,240,0,128,0,192,255,192,0,128,0,224,255,0,1,160,0,192,255,240,0,128,0,240,255,240,0,112,0,208,255,240,0,144,0,176,255,224,0,144,0,224,255,208,0,128,0,224,255,0,1,144,0,0,0,0,1,96,0,224,255,240,0,
170,65,104,0,127,79,3,0,216959,144,0,192,255,32,1,112,0,208,255,0,1,176,0,192,255,240,0,112,0,240,255,240,0,144,0,224,255,208,0,112,0,192,255,0,1,144,0,240,255,176,0,144,0,224,255,16,1,128,0,192,255,240,0,128,0,208,255,0,1,144,0,208,255,208,0,128,0,224,255,16,1,144,0,208,255,240,0,144,0,208,255,224,0,128,0,208,255,32,1,176,0,208,255,224,0,
170,65,104,0,142,79,3,0,216974,144,0,224,255,224,0,128,0,192,255,240,0,144,0,224,255,240,0,128,0,176,255,16,1,160,0,208,255,240,0,160,0,208,255,208,0,160,0,192,255,0,1,128,0,208,255,240,0,128,0,208,255,240,0,160,0,192,255,224,0,144,0,224,255,240,0,144,0,208,255,16,1,144,0,224,255,240,0,112,0,208,255,0,1,160,0,208,255,224,0,144,0,240,255,224,0,
170,65,104,0,157,79,3,0,216989,144,0,208,255,0,1,128,0,208,255,224,0,112,0,192,255,0,1,160,0,208,255,240,0,128,0,224,255,240,0,144,0,208,255,208,0,128,0,192,255,240,0,112,0,192,255,208,0,160,0,224,255,240,0,128,0,224,255,240,0,128,0,224,255,224,0,112,0,224,255,16,1,112,0,208,255,224,0,160,0,208,255,0,1,144,0,176,255,208,0,128,0,224,255,240,0,
170,65,104,0,173,79,3,0,217005,144,0,224,255,240,0,128,0,208,255,0,1,144,0,208,255,16,1,112,0,208,255,224,0,176,0,192,255,224,0,128,0,192,255,224,0,128,0,192,255,192,0,160,0,192,255,224,0,144,0,224,255,224,0,144,0,224,255,32,1,128,0,224,255,224,0,128,0,192,255,208,0,144,0,224,255,224,0,128,0,224,255,0,1,128,0,192,255,48,1,128,0,208,255,0,1,
170,65,104,0,188,79,3,0,217020,144,0,208,255,224,0,160,0,208,255,208,0,128,0,224,255,32,1,128,0,224,255,192,0,96,0,208,255,208,0,144,0,208,255,240,0,160,0,192,255,224,0,128,0,240,255,208,0,128,0,208,255,240,0,128,0,208,255,224,0,128,0,192,255,224,0,144,0,224,255,224,0,112,0,208,255,208,0,144,0,208,255,208,0,144,0,224,255,240,0,112,0,192,255,224,0,
170,65,104,0,204,79,3,0,217036,160,0,176,255,240,0,144,0,192,255,224,0,176,0,208,255,192,0,112,0,208,255,0,1,128,0,224,255,224,0,64,0,192,255,192,0,144,0,224,255,240,0,144,0,208,255,0,1,144,0,192,255,16,1,128,0,240,255,240,0,160,0,208,255,0,1,128,0,224,255,224,0,144,0,224,255,240,0,128,0,208,255,240,0,128,0,224,255,224,0,176,0,208,255,0,1,
170,65,104,0,219,79,3,0,217051,144,0,224,255,224,0,128,0,208,255,224,0,144,0,192,255,208,0,128,0,224,255,224,0,160,0,224,255,208,0,128,0,224,255,224,0,128,0,224,255,208,0,144,0,224,255,16,1,144,0,192,255,0,1,160,0,208,255,240,0,160,0,240,255,0,1,128,0,192,255,192,0,128,0,224,255,0,1,128,0,192,255,240,0,160,0,192,255,208,0,144,0,240,255,192,0,
170,65,104,0,235,79,3,0,217067,144,0,224,255,208,0,144,0,176,255,0,1,128,0,208,255,224,0,160,0,208,255,208,0,128,0,208,255,0,1,128,0,224,255,208,0,160,0,224,255,208,0,128,0,208,255,240,0,176,0,208,255,48,1,160,0,192,255,0,1,128,0,208,255,208,0,128,0,192,255,0,1,160,0,0,0,240,0,160,0,192,255,16,1,112,0,208,255,0,1,128,0,160,255,224,0,
170,65,104,0,250,79,3,0,217082,112,0,224,255,224,0,128,0,192,255,240,0,144,0,208,255,0,1,128,0,224,255,208,0,144,0,208,255,208,0,144,0,208,255,16,1,128,0,192,255,240,0,160,0,192,255,208,0,144,0,192,255,192,0,128,0,192,255,0,1,144,0,208,255,16,1,128,0,208,255,224,0,160,0,192,255,224,0,128,0,192,255,208,0,144,0,208,255,240,0,128,0,208,255,0,1,
170,65,104,0,10,80,3,0,217098,128,0,208,255,0,1,144,0,208,255,224,0,128,0,208,255,240,0,160,0,224,255,224,0,128,0,208,255,0,1,144,0,192,255,240,0,128,0,224,255,240,0,128,0,192,255,0,1,144,0,240,255,208,0,128,0,208,255,0,1,128,0,224,255,0,1,160,0,208,255,0,1,144,0,176,255,240,0,112,0,240,255,192,0,144,0,192,255,32,1,144,0,192,255,240,0,
170,65,104,0,25,80,3,0,217113,144,0,224,255,240,0,144,0,208,255,240,0,144,0,224,255,208,0,128,0,224,255,240,0,112,0,208,255,16,1,144,0,208,255,240,0,128,0,192,255,208,0,128,0,0,0,224,0,112,0,240,255,0,1,160,0,192,255,0,1,144,0,192,255,224,0,128,0,208,255,192,0,128,0,224,255,240,0,144,0,224,255,208,0,112,0,176,255,208,0,160,0,192,255,208,0,
170,65,104,0,40,80,3,0,217128,144,0,192,255,240,0,112,0,208,255,224,0,176,0,224,255,224,0,112,0,208,255,0,1,128,0,208,255,208,0,128,0,208,255,240,0,128,0,208,255,240,0,176,0,224,255,0,1,128,0,240,255,224,0,144,0,208,255,240,0,128,0,192,255,0,1,144,0,240,255,176,0,144,0,224,255,32,1,112,0,240,255,224,0,144,0,192,255,224,0,112,0,208,255,240,0,
170,65,104,0,56,80,3,0,217144,144,0,224,255,224,0,144,0,192,255,16,1,112,0,176,255,0,1,144,0,192,255,240,0,128,0,208,255,240,0,112,0,240,255,0,1,112,0,224,255,0,1,128,0,224,255,0,1,160,0,192,255,192,0,144,0,192,255,240,0,144,0,224,255,224,0,128,0,208,255,224,0,144,0,208,255,224,0,128,0,208,255,208,0,128,0,208,255,0,1,144,0,240,255,208,0,
170,65,104,0,71,80,3,0,217159,128,0,224,255,224,0,128,0,224,255,224,0,160,0,208,255,224,0,144,0,192,255,16,1,160,0,224,255,224,0,144,0,208,255,16,1,128,0,240,255,16,1,96,0,208,255,240,0,144,0,224,255,224,0,144,0,224,255,192,0,176,0,208,255,16,1,128,0,224,255,192,0,144,0,208,255,224,0,160,0,176,255,0,1,160,0,160,255,208,0,144,0,192,255,0,1,
170,65,104,0,87,80,3,0,217175,128,0,224,255,224,0,144,0,224,255,240,0,160,0,176,255,0,1,112,0,224,255,224,0,176,0,192,255,240,0,128,0,208,255,224,0,160,0,208,255,224,0,144,0,176,255,224,0,144,0,224,255,208,0,160,0,208,255,32,1,144,0,208,255,208,0,128,0,208,255,208,0,160,0,208,255,208,0,112,0,240,255,0,1,128,0,224,255,16,1,144,0,208,255,240,0,
170,65,104,0,102,80,3,0,217190,128,0,208,255,240,0,176,0,192,255,240,0,112,0,240,255,224,0,112,0,224,255,0,1,144,0,192,255,16,1,128,0,192,255,240,0,176,0,192,255,16,1,144,0,240,255,224,0,160,0,192,255,0,1,128,0,192,255,240,0,128,0,224,255,240,0,160,0,224,255,32,1,144,0,208,255,0,1,112,0,224,255,16,1,128,0,208,255,240,0,128,0,208,255,240,0,
170,65,104,0,118,80,3,0,217206,144,0,208,255,208,0,128,0,224,255,224,0,176,0,208,255,224,0,128,0,208,255,224,0,128,0,208,255,224,0,144,0,208,255,32,1,144,0,224,255,224,0,192,0,192,255,0,1,128,0,160,255,208,0,128,0,208,255,224,0,160,0,224,255,0,1,128,0,240,255,224,0,128,0,208,255,16,1,128,0,208,255,240,0,96,0,208,255,224,0,144,0,192,255,208,0,
170,65,104,0,133,80,3,0,217221,128,0,224,255,192,0,128,0,224,255,208,0,128,0,192,255,240,0,144,0,208,255,224,0,160,0,208,255,240,0,144,0,240,255,240,0,112,0,208,255,192,0,128,0,208,255,224,0,112,0,224,255,240,0,160,0,208,255,224,0,144,0,224,255,224,0,128,0,192,255,208,0,144,0,208,255,224,0,160,0,208,255,208,0,160,0,208,255,240,0,144,0,208,255,240,0,
170,65,104,0,148,80,3,0,217236,128,0,224,255,192,0,128,0,208,255,16,1,144,0,208,255,240,0,160,0,192,255,32,1,160,0,160,255,240,0,144,0,208,255,0,1,128,0,192,255,0,1,144,0,208,255,240,0,144,0,192,255,224,0,128,0,240,255,0,1,176,0,224,255,240,0,160,0,160,255,240,0,112,0,240,255,208,0,144,0,240,255,208,0,128,0,224,255,208,0,144,0,192,255,208,0,
170,65,104,0,164,80,3,0,217252,128,0,208,255,0,1,112,0,240,255,224,0,160,0,192,255,32,1,128,0,224,255,32,1,160,0,208,255,0,1,112,0,192,255,208,0,112,0,192,255,0,1,144,0,224,255,240,0,144,0,224,255,16,1,128,0,208,255,224,0,128,0,224,255,16,1,144,0,208,255,0,1,160,0,224,255,176,0,128,0,240,255,240,0,128,0,240,255,208,0,128,0,208,255,240,0,
170,65,104,0,179,80,3,0,217267,112,0,208,255,208,0,160,0,208,255,224,0,128,0,240,255,208,0,128,0,192,255,0,1,128,0,208,255,0,1,128,0,224,255,224,0,160,0,224,255,240,0,128,0,240,255,240,0,144,0,224,255,208,0,144,0,224,255,240,0,128,0,208,255,240,0,160,0,224,255,224,0,128,0,224,255,192,0,144,0,208,255,224,0,128,0,208,255,32,1,128,0,224,255,240,0,
170,65,104,0,195,80,3,0,217283,144,0,192,255,48,1,96,0,192,255,240,0,144,0,224,255,208,0,112,0,192,255,16,1,144,0,240,255,0,1,96,0,208,255,240,0,128,0,208,255,224,0,112,0,192,255,224,0,144,0,208,255,0,1,112,0,0,0,240,0,144,0,208,255,0,1,112,0,208,255,0,1,160,0,192,255,224,0,128,0,240,255,32,1,112,0,224,255,224,